CustomerID,Transaction_Date,Transaction_ID,Revenue,R_Segment,F_Segment,M_Segment,RFM_Segment,heuristic_segment,kmean_segment_label
12346,108,2,174.98174,2,1,1,40,Standard,Standar
12347,60,60,15686.84396,1,2,4,70,Silver,Gold
12348,74,23,1689.55594,1,1,1,30,Standard,Standar
12350,18,17,1467.4352800000001,1,1,1,30,Standard,Standar
12356,108,36,2007.429,2,1,1,40,Standard,Standar
12359,131,16,784.0332,2,1,1,40,Standard,Standar
12370,190,91,8059.284820000001,2,3,3,80,Premium,Gold
12373,25,14,595.56606,1,1,1,30,Standard,Standar
12377,41,77,11244.900660000001,1,3,4,80,Premium,Gold
12383,100,69,5865.099560000001,1,2,2,50,Silver,Standar
12386,157,10,680.40158,2,1,1,40,Standard,Standar
12388,115,19,909.8165,2,1,1,40,Standard,Standar
12393,123,22,2397.5043800000003,2,1,1,40,Standard,Standar
12395,165,32,1721.25164,2,1,1,40,Standard,Standar
12402,95,11,676.1233000000001,1,1,1,30,Standard,Standar
12410,11,26,2725.0742,1,1,1,30,Standard,Standar
12413,132,26,3434.5452600000003,2,1,1,40,Standard,Standar
12414,18,7,697.9715,1,1,1,30,Standard,Standar
12415,141,47,3294.23923,2,2,1,50,Silver,Standar
12417,75,30,2024.68804,1,1,1,30,Standard,Standar
12421,77,11,2075.89838,1,1,1,30,Standard,Standar
12422,103,13,1007.2177600000001,2,1,1,40,Standard,Standar
12423,173,16,882.5946600000001,2,1,1,40,Standard,Silver
12427,171,13,1534.11808,2,1,1,40,Standard,Silver
12429,263,20,2914.1522800000002,3,1,1,50,Silver,Silver
12431,41,44,6171.70308,1,2,2,50,Silver,Standar
12433,266,147,18991.47364,3,4,4,110,Gold,Gold
12434,223,3,50.7776,3,1,1,50,Silver,Silver
12437,18,18,2755.16638,1,1,1,30,Standard,Standar
12441,278,11,1653.7786800000001,3,1,1,50,Silver,Silver
12451,104,101,10932.28554,2,4,4,100,Gold,Gold
12464,14,6,1096.3022,1,1,1,30,Standard,Standar
12468,52,12,1560.9924400000002,1,1,1,30,Standard,Standar
12471,16,128,15517.648650000001,1,4,4,90,Premium,Gold
12472,63,126,13372.693700000002,1,4,4,90,Premium,Gold
12474,61,36,7314.63474,1,1,3,50,Silver,Standar
12476,34,27,3435.4610000000002,1,1,1,30,Standard,Standar
12477,27,2,254.23685,1,1,1,30,Standard,Standar
12480,148,42,1670.30036,2,2,1,50,Silver,Standar
12481,152,46,10856.093700000001,2,2,4,80,Premium,Standar
12483,167,14,1161.5919800000001,2,1,1,40,Standard,Silver
12484,150,98,6589.10394,2,3,2,70,Silver,Gold
12489,151,15,968.86396,2,1,1,40,Standard,Standar
12490,124,43,3189.99672,2,2,1,50,Silver,Standar
12494,165,7,486.76556999999997,2,1,1,40,Standard,Silver
12500,141,5,102.4874,2,1,1,40,Standard,Standar
12501,42,160,11656.62918,1,4,4,90,Premium,Gold
12502,16,31,5125.2886100000005,1,1,2,40,Standard,Standar
12503,158,1,17.161500000000004,2,1,1,40,Standard,Standar
12510,105,29,1496.21764,2,1,1,40,Standard,Standar
12515,172,16,1571.3702199999998,2,1,1,40,Standard,Silver
12523,132,7,511.3107600000001,2,1,1,40,Standard,Standar
12524,140,16,631.95496,2,1,1,40,Standard,Standar
12527,108,10,1863.7462,2,1,1,40,Standard,Standar
12528,35,31,4672.2192000000005,1,1,2,40,Standard,Standar
12530,152,13,1566.4464,2,1,1,40,Standard,Standar
12539,54,187,20851.42164,1,4,4,90,Premium,Gold
12540,22,64,4813.4365800000005,1,2,2,50,Silver,Standar
12551,189,10,1693.5268,2,1,1,40,Standard,Silver
12553,70,39,1907.6574,1,1,1,30,Standard,Standar
12557,137,9,342.75383999999997,2,1,1,40,Standard,Standar
12559,21,22,3100.4196,1,1,1,30,Standard,Standar
12567,11,146,13765.03646,1,4,4,90,Premium,Gold
12574,46,11,1679.7836000000002,1,1,1,30,Standard,Standar
12577,203,67,6830.13114,3,2,2,70,Silver,Silver
12578,57,76,6156.4448600000005,1,3,2,60,Silver,Standar
12583,152,42,3320.84496,2,2,1,50,Silver,Standar
12585,161,74,4767.29656,2,3,2,70,Silver,Standar
12586,303,1,28.908199999999997,4,1,1,60,Silver,Silver
12591,60,26,4997.04464,1,1,2,40,Standard,Standar
12594,93,12,804.3387,1,1,1,30,Standard,Standar
12600,16,15,888.84495,1,1,1,30,Standard,Standar
12601,137,9,607.44524,2,1,1,40,Standard,Standar
12605,257,3,330.7242,3,1,1,50,Silver,Silver
12609,66,16,447.49100000000004,1,1,1,30,Standard,Standar
12621,188,33,2858.3619000000003,2,1,1,40,Standard,Silver
12625,16,58,6771.98724,1,2,2,50,Silver,Standar
12626,28,67,5794.57333,1,2,2,50,Silver,Standar
12637,57,75,4952.44242,1,3,2,60,Silver,Standar
12643,136,2,73.34819999999999,2,1,1,40,Standard,Standar
12645,52,16,2588.35462,1,1,1,30,Standard,Standar
12647,189,53,4437.392150000001,2,2,2,60,Silver,Silver
12649,258,2,28.33198,3,1,1,50,Silver,Silver
12651,145,9,2522.32852,2,1,1,40,Standard,Standar
12652,88,51,3183.90632,1,2,1,40,Standard,Standar
12662,13,34,3526.7952400000004,1,1,1,30,Standard,Standar
12664,91,5,797.8032000000001,1,1,1,30,Standard,Standar
12665,104,4,131.4588,2,1,1,40,Standard,Standar
12666,206,2,50.09393999999999,3,1,1,50,Silver,Silver
12668,32,74,7646.890780000001,1,3,3,70,Silver,Standar
12672,124,10,334.60288,2,1,1,40,Standard,Standar
12673,114,23,1820.26106,2,1,1,40,Standard,Standar
12676,22,12,1443.42712,1,1,1,30,Standard,Standar
12678,173,5,253.2297,2,1,1,40,Standard,Silver
12681,29,223,18476.58312,1,4,4,90,Premium,Gold
12682,21,127,13474.483250000001,1,4,4,90,Premium,Gold
12683,93,77,11534.86818,1,3,4,80,Premium,Gold
12686,335,7,1109.675,4,1,1,60,Silver,Silver
12691,66,15,1529.6788400000003,1,1,1,30,Standard,Standar
12693,79,9,1810.0624000000003,1,1,1,30,Standard,Standar
12705,187,30,1901.78133,2,1,1,40,Standard,Silver
12708,124,33,3209.5793400000002,2,1,1,40,Standard,Standar
12709,54,33,3364.42016,1,1,1,30,Standard,Standar
12712,11,47,4284.3485,1,2,2,50,Silver,Standar
12720,35,65,7348.71969,1,2,3,60,Silver,Standar
12721,179,18,2245.83354,2,1,1,40,Standard,Silver
12724,133,11,567.21984,2,1,1,40,Standard,Standar
12725,326,24,4914.66662,4,1,2,70,Silver,Silver
12726,45,25,2017.977,1,1,1,30,Standard,Standar
12727,82,12,1011.75622,1,1,1,30,Standard,Standar
12728,135,13,652.3103600000001,2,1,1,40,Standard,Standar
12731,35,62,13512.63248,1,2,4,70,Silver,Gold
12734,172,4,115.60408,2,1,1,40,Standard,Silver
12735,42,43,3348.2903300000003,1,2,1,40,Standard,Standar
12736,138,4,171.68880000000001,2,1,1,40,Standard,Standar
12738,336,11,1920.0156,4,1,1,60,Silver,Silver
12744,69,56,11128.780560000001,1,2,4,70,Silver,Gold
12747,95,20,1914.955,1,1,1,30,Standard,Standar
12748,108,695,87200.89626,2,4,4,100,Gold,Premium
12753,153,52,2613.74508,2,2,1,50,Silver,Standar
12754,11,37,4053.4232,1,1,2,40,Standard,Standar
12755,264,1,59.578759999999996,3,1,1,50,Silver,Silver
12763,305,16,1091.4822800000002,4,1,1,60,Silver,Silver
12764,56,45,5815.77772,1,2,2,50,Silver,Standar
12766,143,88,5065.085230000001,2,3,2,70,Silver,Standar
12775,14,13,1424.1017200000001,1,1,1,30,Standard,Standar
12778,31,9,654.99834,1,1,1,30,Standard,Standar
12779,8,42,2588.90982,1,2,1,40,Standard,Standar
12782,65,56,4706.17436,1,2,2,50,Silver,Standar
12785,246,14,914.1551300000001,3,1,1,50,Silver,Silver
12791,363,2,155.22770000000003,4,1,1,60,Silver,Silver
12793,145,24,2524.0087000000003,2,1,1,40,Standard,Standar
12797,213,17,477.44414000000006,3,1,1,50,Silver,Silver
12808,303,7,593.3585,4,1,1,60,Silver,Silver
12820,112,11,713.2713,2,1,1,40,Standard,Standar
12826,54,49,8226.96712,1,2,3,60,Silver,Standar
12829,90,12,1149.1694000000002,1,1,1,30,Standard,Standar
12836,26,39,3340.73907,1,1,1,30,Standard,Standar
12838,361,59,5902.4158,4,2,2,80,Premium,Silver
12839,186,37,4203.37726,2,1,2,50,Silver,Silver
12841,35,110,13489.66112,1,4,4,90,Premium,Gold
12842,9,14,2555.8237,1,1,1,30,Standard,Standar
12853,29,23,2118.44875,1,1,1,30,Standard,Standar
12854,69,36,5056.495080000001,1,1,2,40,Standard,Standar
12855,349,3,954.9455,4,1,1,60,Silver,Silver
12865,210,1,267.8,3,1,1,50,Silver,Silver
12867,213,58,4056.8662400000003,3,2,2,70,Silver,Silver
12868,50,46,6302.93074,1,2,2,50,Silver,Standar
12870,270,2,66.20948,3,1,1,50,Silver,Silver
12872,116,66,4862.28894,2,2,2,60,Silver,Standar
12875,240,1,7.32,3,1,1,50,Silver,Silver
12877,123,17,1417.2604999999999,2,1,1,40,Standard,Standar
12908,33,2,263.8,1,1,1,30,Standard,Standar
12913,289,4,99.74194,3,1,1,50,Silver,Silver
12915,344,13,1296.8897200000001,4,1,1,60,Silver,Silver
12916,87,40,4493.84756,1,1,2,40,Standard,Standar
12921,165,59,6735.59447,2,2,2,60,Silver,Standar
12924,118,2,29.5543,2,1,1,40,Standard,Standar
12928,204,17,398.68098999999995,3,1,1,50,Silver,Silver
12929,26,8,999.427,1,1,1,30,Standard,Standar
12931,186,2,33.8885,2,1,1,40,Standard,Silver
12935,77,27,9081.9846,1,1,3,50,Silver,Standar
12939,146,6,269.17429999999996,2,1,1,40,Standard,Standar
12942,265,16,917.9694000000001,3,1,1,50,Silver,Silver
12944,179,14,1230.1316000000002,2,1,1,40,Standard,Silver
12947,66,36,5469.743780000001,1,1,2,40,Standard,Standar
12951,81,20,1042.59974,1,1,1,30,Standard,Standar
12956,1,19,3286.15547,1,1,1,30,Standard,Standar
12957,153,31,1374.34536,2,1,1,40,Standard,Standar
12963,265,16,1063.4841000000001,3,1,1,50,Silver,Silver
12967,192,19,1785.08874,2,1,1,40,Standard,Silver
12970,89,8,595.2860000000001,1,1,1,30,Standard,Standar
12971,13,47,4775.46375,1,2,2,50,Silver,Standar
12980,131,6,1358.1041,2,1,1,40,Standard,Standar
12989,118,2,191.858,2,1,1,40,Standard,Standar
12990,18,3,491.8194000000001,1,1,1,30,Standard,Standar
12997,41,18,962.0542,1,1,1,30,Standard,Standar
13000,252,11,1002.04048,3,1,1,50,Silver,Silver
13001,66,36,2724.7421600000002,1,1,1,30,Standard,Standar
13002,66,7,976.0398000000001,1,1,1,30,Standard,Standar
13004,52,72,6286.38456,1,3,2,60,Silver,Standar
13008,95,15,2360.5195400000002,1,1,1,30,Standard,Standar
13011,336,3,246.16621999999998,4,1,1,60,Silver,Silver
13013,332,67,5998.56216,4,2,2,80,Premium,Silver
13021,202,8,1924.3186399999997,3,1,1,50,Silver,Silver
13027,178,6,360.52656,2,1,1,40,Standard,Silver
13029,173,1,16.4895,2,1,1,40,Standard,Silver
13030,292,60,2656.46304,3,2,1,60,Silver,Silver
13033,188,11,609.47508,2,1,1,40,Standard,Silver
13034,307,11,247.55676,4,1,1,60,Silver,Silver
13047,14,44,3348.77498,1,2,1,40,Standard,Standar
13048,117,40,3298.94848,2,1,1,40,Standard,Standar
13049,66,7,282.82656,1,1,1,30,Standard,Standar
13050,5,103,11341.08425,1,4,4,90,Premium,Gold
13064,117,9,237.36237999999997,2,1,1,40,Standard,Standar
13065,350,14,1655.6929200000002,4,1,1,60,Silver,Silver
13068,82,1,6.99,1,1,1,30,Standard,Standar
13069,4,138,9848.984120000001,1,4,3,80,Premium,Gold
13077,269,14,1777.28298,3,1,1,50,Silver,Silver
13078,52,54,4471.40575,1,2,2,50,Silver,Standar
13081,123,261,23607.04965,2,4,4,100,Gold,Gold
13082,161,7,1118.4082,2,1,1,40,Standard,Standar
13089,21,366,30682.473110000003,1,4,4,90,Premium,Gold
13090,93,13,1511.2821999999999,1,1,1,30,Standard,Standar
13092,208,7,339.54109,3,1,1,50,Silver,Silver
13093,20,143,13057.10722,1,4,4,90,Premium,Gold
13094,154,5,471.82408,2,1,1,40,Standard,Standar
13097,159,52,3571.2249300000003,2,2,1,50,Silver,Standar
13098,59,21,2431.1222000000002,1,1,1,30,Standard,Standar
13102,8,93,9386.99281,1,3,3,70,Silver,Gold
13104,179,1,123.81000000000002,2,1,1,40,Standard,Silver
13107,119,23,3114.71508,2,1,1,40,Standard,Standar
13108,348,10,623.0708,4,1,1,60,Silver,Silver
13110,22,20,1075.59254,1,1,1,30,Standard,Standar
13113,8,62,22596.72783,1,2,4,70,Silver,Gold
13115,153,2,288.6816,2,1,1,40,Standard,Standar
13117,76,34,2415.05084,1,1,1,30,Standard,Standar
13124,205,61,4878.3379,3,2,2,70,Silver,Silver
13126,137,32,2539.40569,2,1,1,40,Standard,Standar
13136,257,3,253.7864,3,1,1,50,Silver,Silver
13137,10,48,7618.39157,1,2,3,60,Silver,Standar
13138,340,14,1693.3017800000002,4,1,1,60,Silver,Silver
13140,269,16,783.79764,3,1,1,50,Silver,Silver
13141,22,32,3630.16832,1,1,1,30,Standard,Standar
13144,137,3,54.096199999999996,2,1,1,40,Standard,Standar
13145,336,1,24.023,4,1,1,60,Silver,Silver
13148,37,130,19157.600000000002,1,4,4,90,Premium,Gold
13155,115,63,6274.88135,2,2,2,60,Silver,Standar
13158,75,19,3706.7486000000004,1,1,1,30,Standard,Standar
13161,38,8,544.67932,1,1,1,30,Standard,Standar
13162,132,40,3863.3304000000003,2,1,1,40,Standard,Standar
13165,171,13,924.8657000000001,2,1,1,40,Standard,Silver
13168,67,76,5878.655000000001,1,3,2,60,Silver,Standar
13173,284,23,4020.3736,3,1,2,60,Silver,Silver
13174,49,242,24470.40076,1,4,4,90,Premium,Gold
13178,221,32,2086.96806,3,1,1,50,Silver,Silver
13183,147,20,2105.64912,2,1,1,40,Standard,Standar
13187,153,37,1515.02386,2,1,1,40,Standard,Standar
13198,69,77,6261.369860000001,1,3,2,60,Silver,Standar
13199,19,16,2106.3838800000003,1,1,1,30,Standard,Standar
13208,12,26,2442.3757,1,1,1,30,Standard,Standar
13209,111,21,524.3713,2,1,1,40,Standard,Standar
13211,225,2,70.04355999999999,3,1,1,50,Silver,Silver
13221,208,35,2690.06346,3,1,1,50,Silver,Silver
13225,159,12,625.7065799999999,2,1,1,40,Standard,Standar
13230,12,85,11237.69331,1,3,4,80,Premium,Gold
13233,148,17,1439.8758,2,1,1,40,Standard,Standar
13238,215,5,556.5562,3,1,1,50,Silver,Silver
13240,262,21,1694.0332600000002,3,1,1,50,Silver,Silver
13246,110,40,2544.15392,2,1,1,40,Standard,Standar
13253,166,16,610.75955,2,1,1,40,Standard,Silver
13255,361,6,1423.2022000000002,4,1,1,60,Silver,Silver
13263,105,39,2952.9896200000003,2,1,1,40,Standard,Standar
13266,203,1,67.4706,3,1,1,50,Silver,Silver
13267,131,46,17733.48544,2,2,4,80,Premium,Gold
13269,228,28,3412.26964,3,1,1,50,Silver,Silver
13270,269,1,84.71000000000002,3,1,1,50,Silver,Silver
13280,47,78,9075.90156,1,3,3,70,Silver,Gold
13284,93,14,890.6362,1,1,1,30,Standard,Standar
13295,210,11,902.6174000000001,3,1,1,50,Silver,Silver
13304,170,21,809.35698,2,1,1,40,Standard,Silver
13305,346,5,538.14103,4,1,1,60,Silver,Silver
13309,9,34,4597.28032,1,1,2,40,Standard,Standar
13310,70,29,2429.2419,1,1,1,30,Standard,Standar
13313,169,17,554.09366,2,1,1,40,Standard,Silver
13317,202,14,1375.55626,3,1,1,50,Silver,Silver
13319,168,98,7508.15117,2,3,3,80,Premium,Gold
13324,35,10,2597.3464000000004,1,1,1,30,Standard,Standar
13327,257,21,958.52918,3,1,1,50,Silver,Silver
13328,49,17,2533.1198000000004,1,1,1,30,Standard,Standar
13329,177,9,690.2993,2,1,1,40,Standard,Silver
13330,45,13,1397.9064,1,1,1,30,Standard,Standar
13368,157,1,166.60500000000002,2,1,1,40,Standard,Standar
13369,177,19,1881.75756,2,1,1,40,Standard,Silver
13370,268,44,3592.3133,3,2,1,60,Silver,Silver
13385,124,35,3631.66192,2,1,1,40,Standard,Standar
13394,16,16,1226.5954800000002,1,1,1,30,Standard,Standar
13396,35,16,2583.246,1,1,1,30,Standard,Standar
13397,167,8,624.96148,2,1,1,40,Standard,Silver
13402,336,17,1619.6179000000002,4,1,1,60,Silver,Silver
13405,66,6,329.89148,1,1,1,30,Standard,Standar
13408,33,78,9438.4949,1,3,3,70,Silver,Gold
13418,207,49,4396.2724,3,2,2,70,Silver,Silver
13426,152,32,1188.6041,2,1,1,40,Standard,Standar
13448,225,36,2969.61522,3,1,1,50,Silver,Silver
13451,143,48,2014.91574,2,2,1,50,Silver,Standar
13455,119,36,3561.30821,2,1,1,40,Standard,Standar
13458,105,87,4320.17068,2,3,2,70,Silver,Standar
13468,20,79,9148.60496,1,3,3,70,Silver,Gold
13473,126,13,682.5495999999999,2,1,1,40,Standard,Standar
13481,291,1,15.784,3,1,1,50,Silver,Silver
13487,173,11,383.72786,2,1,1,40,Standard,Silver
13488,12,149,12482.21811,1,4,4,90,Premium,Gold
13491,20,42,4632.1610900000005,1,2,2,50,Silver,Standar
13494,26,18,1197.2135600000001,1,1,1,30,Standard,Standar
13495,210,26,2001.6951800000002,3,1,1,50,Silver,Silver
13496,194,27,1623.0874000000001,2,1,1,40,Standard,Silver
13497,301,10,1057.55438,4,1,1,60,Silver,Silver
13502,97,4,123.67854,1,1,1,30,Standard,Standar
13506,30,29,4207.47402,1,1,2,40,Standard,Standar
13520,101,31,3840.36388,2,1,1,40,Standard,Standar
13523,270,30,1880.0226200000002,3,1,1,50,Silver,Silver
13527,115,5,65.08636,2,1,1,40,Standard,Standar
13531,269,15,7542.527059999999,3,1,3,70,Silver,Silver
13534,48,52,4280.34402,1,2,2,50,Silver,Standar
13538,45,3,38.7326,1,1,1,30,Standard,Standar
13539,13,11,1202.34785,1,1,1,30,Standard,Standar
13551,77,4,1088.5292,1,1,1,30,Standard,Standar
13552,45,8,351.54596000000004,1,1,1,30,Standard,Standar
13564,174,82,8279.68783,2,3,3,80,Premium,Gold
13565,143,13,1043.45766,2,1,1,40,Standard,Standar
13569,286,24,1923.03134,3,1,1,50,Silver,Silver
13576,18,34,2370.34376,1,1,1,30,Standard,Standar
13579,305,9,568.25689,4,1,1,60,Silver,Silver
13581,13,10,1028.55004,1,1,1,30,Standard,Standar
13584,3,24,2902.40204,1,1,1,30,Standard,Standar
13593,147,39,2833.71704,2,1,1,40,Standard,Standar
13599,119,30,1993.13768,2,1,1,40,Standard,Standar
13600,30,19,3071.6687,1,1,1,30,Standard,Standar
13606,26,3,414.6603,1,1,1,30,Standard,Standar
13611,212,15,1277.7865900000002,3,1,1,50,Silver,Silver
13614,126,9,621.1825,2,1,1,40,Standard,Standar
13615,35,24,2224.88684,1,1,1,30,Standard,Standar
13627,190,20,2126.42024,2,1,1,40,Standard,Silver
13629,22,8,1117.9540000000002,1,1,1,30,Standard,Standar
13634,117,38,1270.54864,2,1,1,40,Standard,Standar
13649,269,15,780.6297000000001,3,1,1,50,Silver,Silver
13652,303,18,542.2967799999999,4,1,1,60,Silver,Silver
13656,154,31,2366.05704,2,1,1,40,Standard,Standar
13659,86,62,4905.77968,1,2,2,50,Silver,Standar
13668,13,61,5036.61797,1,2,2,50,Silver,Standar
13672,135,6,291.54276,2,1,1,40,Standard,Standar
13680,152,91,6934.134440000001,2,3,2,70,Silver,Gold
13693,105,4,59.30488,2,1,1,40,Standard,Standar
13694,12,104,6645.21104,1,4,2,70,Silver,Gold
13700,117,26,1439.63292,2,1,1,40,Standard,Standar
13703,70,1,281.79,1,1,1,30,Standard,Standar
13705,363,10,1422.7635800000003,4,1,1,60,Silver,Silver
13707,42,32,4500.9698,1,1,2,40,Standard,Standar
13709,41,31,2908.3167000000003,1,1,1,30,Standard,Standar
13715,153,100,8233.52735,2,3,3,80,Premium,Gold
13725,9,41,4919.41497,1,2,2,50,Silver,Standar
13728,20,9,1103.10392,1,1,1,30,Standard,Standar
13742,82,96,9678.0995,1,3,3,70,Silver,Gold
13747,363,1,175.58100000000002,4,1,1,60,Silver,Silver
13748,365,1,7.9632,4,1,1,60,Silver,Silver
13750,152,1,9.2922,2,1,1,40,Standard,Standar
13754,59,8,1016.6604000000001,1,1,1,30,Standard,Standar
13756,202,16,1803.50014,3,1,1,50,Silver,Silver
13758,146,33,2467.4702199999997,2,1,1,40,Standard,Standar
13764,155,69,4786.61757,2,2,2,60,Silver,Standar
13767,138,73,6527.34753,2,3,2,70,Silver,Standar
13769,88,32,3685.46149,1,1,1,30,Standard,Standar
13777,19,67,7467.06598,1,2,3,60,Silver,Standar
13782,118,36,3490.81182,2,1,1,40,Standard,Standar
13784,24,6,272.95812,1,1,1,30,Standard,Standar
13786,284,7,568.59669,3,1,1,50,Silver,Silver
13787,245,7,447.14852,3,1,1,50,Silver,Silver
13798,82,123,11462.26444,1,4,4,90,Premium,Gold
13800,14,33,3475.85668,1,1,1,30,Standard,Standar
13802,26,22,1339.95442,1,1,1,30,Standard,Standar
13807,281,7,1215.12348,3,1,1,50,Silver,Silver
13815,71,53,9010.7274,1,2,3,60,Silver,Standar
13817,171,9,192.6213,2,1,1,40,Standard,Silver
13819,13,24,3419.75245,1,1,1,30,Standard,Standar
13824,19,11,862.98158,1,1,1,30,Standard,Standar
13829,203,1,20.033739999999998,3,1,1,50,Silver,Silver
13831,319,2,359.6682,4,1,1,60,Silver,Silver
13837,63,9,1256.5016,1,1,1,30,Standard,Standar
13838,324,52,7088.4169600000005,4,2,3,90,Premium,Silver
13842,13,55,8385.82908,1,2,3,60,Silver,Standar
13846,213,28,1487.45754,3,1,1,50,Silver,Silver
13848,269,1,132.38150000000002,3,1,1,50,Silver,Silver
13854,22,33,3217.15488,1,1,1,30,Standard,Standar
13859,109,28,2677.1955700000003,2,1,1,40,Standard,Standar
13862,119,29,3689.0456000000004,2,1,1,40,Standard,Standar
13869,35,71,13530.6303,1,3,4,80,Premium,Gold
13871,12,23,3472.04761,1,1,1,30,Standard,Standar
13873,17,7,398.22278,1,1,1,30,Standard,Standar
13874,193,18,1140.80989,2,1,1,40,Standard,Silver
13880,284,6,1199.89,3,1,1,50,Silver,Silver
13881,28,13,2250.08828,1,1,1,30,Standard,Standar
13883,109,1,34.91,2,1,1,40,Standard,Standar
13890,59,12,1689.9701,1,1,1,30,Standard,Standar
13894,19,10,838.52422,1,1,1,30,Standard,Standar
13898,108,12,412.6483,2,1,1,40,Standard,Standar
13901,75,11,780.88076,1,1,1,30,Standard,Standar
13911,5,25,3255.3226,1,1,1,30,Standard,Standar
13922,171,7,402.2173,2,1,1,40,Standard,Silver
13929,88,3,3152.1081999999997,1,1,1,30,Standard,Standar
13939,20,13,1353.19118,1,1,1,30,Standard,Standar
13941,326,12,1053.54098,4,1,1,60,Silver,Silver
13948,224,3,162.82760000000002,3,1,1,50,Silver,Silver
13953,172,1,14.496,2,1,1,40,Standard,Silver
13958,337,5,526.3670000000001,4,1,1,60,Silver,Silver
13959,236,16,1146.5034400000002,3,1,1,50,Silver,Silver
13963,6,35,5336.25018,1,1,2,40,Standard,Standar
13969,89,44,3582.4670800000004,1,2,1,40,Standard,Standar
13982,112,52,4687.54738,2,2,2,60,Silver,Standar
13983,110,50,10902.890339999998,2,2,4,80,Premium,Gold
13984,105,9,178.09908,2,1,1,40,Standard,Standar
13993,127,18,579.86456,2,1,1,40,Standard,Standar
13999,90,32,3457.29408,1,1,1,30,Standard,Standar
14001,357,9,1265.8285799999999,4,1,1,60,Silver,Silver
14006,30,7,603.54638,1,1,1,30,Standard,Standar
14016,188,39,1843.96373,2,1,1,40,Standard,Silver
14030,266,27,5325.16738,3,1,2,60,Silver,Silver
14031,98,51,3581.11332,1,2,1,40,Standard,Standar
14032,171,32,4669.394200000001,2,1,2,50,Silver,Silver
14037,249,26,1682.005,3,1,1,50,Silver,Silver
14040,40,67,8800.661,1,2,3,60,Silver,Gold
14044,15,55,8071.487300000001,1,2,3,60,Silver,Standar
14045,159,5,169.56098,2,1,1,40,Standard,Standar
14047,153,15,397.03758,2,1,1,40,Standard,Standar
14049,64,115,12679.01988,1,4,4,90,Premium,Gold
14051,41,41,4296.5237,1,2,2,50,Silver,Standar
14057,215,48,3634.4455000000003,3,2,1,60,Silver,Silver
14060,65,40,4452.929590000001,1,1,2,40,Standard,Standar
14062,95,44,5551.60012,1,2,2,50,Silver,Standar
14068,82,24,2535.53244,1,1,1,30,Standard,Standar
14078,357,13,2751.6825,4,1,1,60,Silver,Silver
14081,305,69,6195.64243,4,2,2,80,Premium,Silver
14082,251,29,2765.19826,3,1,1,50,Silver,Silver
14083,175,95,8321.60116,2,3,3,80,Premium,Gold
14085,14,171,13551.32318,1,4,4,90,Premium,Gold
14088,90,93,10762.28518,1,3,4,80,Premium,Gold
14090,103,1,21.576,2,1,1,40,Standard,Standar
14092,89,61,3398.2591,1,2,1,40,Standard,Standar
14099,119,59,7118.27211,2,2,3,70,Silver,Standar
14101,112,3,151.89813999999998,2,1,1,40,Standard,Standar
14107,178,17,1305.1208000000001,2,1,1,40,Standard,Silver
14113,27,7,659.80638,1,1,1,30,Standard,Standar
14114,127,11,1235.1675,2,1,1,40,Standard,Standar
14119,177,1,23.9242,2,1,1,40,Standard,Silver
14127,20,20,2333.9288,1,1,1,30,Standard,Standar
14130,76,67,11835.79128,1,2,4,70,Silver,Gold
14133,14,17,2119.38086,1,1,1,30,Standard,Standar
14135,114,70,6227.896650000001,2,2,2,60,Silver,Standar
14142,351,22,3983.3312400000004,4,1,1,60,Silver,Silver
14146,46,70,11661.09828,1,2,4,70,Silver,Gold
14150,212,12,815.7543400000001,3,1,1,50,Silver,Silver
14156,14,86,8740.84921,1,3,3,70,Silver,Gold
14159,242,51,2893.6121200000002,3,2,1,60,Silver,Silver
14161,312,26,2949.73362,4,1,1,60,Silver,Silver
14167,129,18,1524.3312,2,1,1,40,Standard,Standar
14175,88,21,2001.5304800000001,1,1,1,30,Standard,Standar
14176,114,14,560.7212999999999,2,1,1,40,Standard,Standar
14180,16,88,23767.76096,1,3,4,80,Premium,Gold
14185,130,3,134.112,2,1,1,40,Standard,Standar
14188,19,12,1356.59185,1,1,1,30,Standard,Standar
14189,67,47,5783.0518600000005,1,2,2,50,Silver,Standar
14194,5,30,4324.59142,1,1,2,40,Standard,Standar
14201,207,4,374.2026,3,1,1,50,Silver,Silver
14205,259,14,1717.1880800000001,3,1,1,50,Silver,Silver
14206,224,1,333.8,3,1,1,50,Silver,Silver
14209,135,16,2664.80156,2,1,1,40,Standard,Standar
14210,167,37,3750.09522,2,1,1,40,Standard,Standar
14213,335,5,101.79348,4,1,1,60,Silver,Silver
14215,41,52,3803.87932,1,2,1,40,Standard,Standar
14217,23,22,1092.10894,1,1,1,30,Standard,Standar
14220,193,11,1060.42064,2,1,1,40,Standard,Silver
14221,166,18,2471.25865,2,1,1,40,Standard,Standar
14224,83,40,4273.525000000001,1,1,2,40,Standard,Standar
14229,42,23,1947.7484800000002,1,1,1,30,Standard,Standar
14233,21,15,2129.54158,1,1,1,30,Standard,Standar
14236,335,3,300.16060000000004,4,1,1,60,Silver,Silver
14237,357,9,958.08118,4,1,1,60,Silver,Silver
14238,111,8,960.42468,2,1,1,40,Standard,Standar
14239,50,9,575.91376,1,1,1,30,Standard,Standar
14242,109,8,1011.2132,2,1,1,40,Standard,Standar
14243,62,40,4155.25148,1,1,2,40,Standard,Standar
14248,66,8,284.29499999999996,1,1,1,30,Standard,Standar
14256,249,32,3385.5473800000004,3,1,1,50,Silver,Silver
14257,74,39,4458.043540000001,1,1,2,40,Standard,Standar
14258,158,31,1447.11278,2,1,1,40,Standard,Standar
14264,336,2,31.280079999999998,4,1,1,60,Silver,Silver
14270,132,29,2021.1485,2,1,1,40,Standard,Standar
14282,286,13,1156.84568,3,1,1,50,Silver,Silver
14290,50,25,3627.93096,1,1,1,30,Standard,Standar
14292,109,3,467.60720000000003,2,1,1,40,Standard,Standar
14293,303,15,1089.25746,4,1,1,60,Silver,Silver
14295,136,2,256.6,2,1,1,40,Standard,Standar
14298,33,241,17633.168830000002,1,4,4,90,Premium,Gold
14299,51,34,3529.4354000000003,1,1,1,30,Standard,Standar
14307,100,79,8906.60079,1,3,3,70,Silver,Gold
14309,17,22,925.61622,1,1,1,30,Standard,Standar
14312,20,23,3699.5834600000003,1,1,1,30,Standard,Standar
14320,92,34,3097.9089000000004,1,1,1,30,Standard,Standar
14321,140,29,2448.005,2,1,1,40,Standard,Standar
14329,121,76,5126.29364,2,3,2,70,Silver,Standar
14334,80,42,3682.72027,1,2,1,40,Standard,Standar
14341,59,24,1982.53866,1,1,1,30,Standard,Standar
14344,193,14,1773.4662,2,1,1,40,Standard,Silver
14355,263,11,1525.1685,3,1,1,50,Silver,Silver
14368,81,8,1666.2340000000002,1,1,1,30,Standard,Standar
14373,195,4,180.60134,2,1,1,40,Standard,Silver
14388,267,23,1922.37778,3,1,1,50,Silver,Silver
14389,70,6,777.9982,1,1,1,30,Standard,Standar
14390,346,28,3911.2959400000004,4,1,1,60,Silver,Silver
14395,143,63,4397.48966,2,2,2,60,Silver,Standar
14396,327,34,5110.8157200000005,4,1,2,70,Silver,Silver
14401,41,20,1991.2664100000002,1,1,1,30,Standard,Standar
14404,117,46,3852.38504,2,2,1,50,Silver,Standar
14409,74,14,2488.28998,1,1,1,30,Standard,Standar
14410,1,8,1183.1370200000001,1,1,1,30,Standard,Standar
14411,21,14,697.3746699999999,1,1,1,30,Standard,Standar
14413,237,23,2685.86548,3,1,1,50,Silver,Silver
14414,201,8,308.72008,3,1,1,50,Silver,Silver
14415,105,117,11929.0309,2,4,4,100,Gold,Gold
14419,251,21,1754.03176,3,1,1,50,Silver,Silver
14426,35,47,4128.5754400000005,1,2,2,50,Silver,Standar
14428,105,24,1393.39198,2,1,1,40,Standard,Standar
14437,265,5,201.27685000000002,3,1,1,50,Silver,Silver
14438,1,9,546.93384,1,1,1,30,Standard,Standar
14439,80,32,3245.3979600000002,1,1,1,30,Standard,Standar
14440,56,31,5617.34379,1,1,2,40,Standard,Standar
14441,90,2,53.291,1,1,1,30,Standard,Standar
14442,29,32,4269.9439,1,1,2,40,Standard,Standar
14443,18,42,2551.80058,1,2,1,40,Standard,Standar
14448,244,18,817.4514200000001,3,1,1,50,Silver,Silver
14449,341,50,7670.56887,4,2,3,90,Premium,Silver
14450,87,11,1053.68428,1,1,1,30,Standard,Standar
14457,21,4,1733.7496,1,1,1,30,Standard,Standar
14460,20,2,386.8152,1,1,1,30,Standard,Standar
14462,7,59,8472.02616,1,2,3,60,Silver,Standar
14466,11,17,2052.64155,1,1,1,30,Standard,Standar
14467,33,15,2903.71936,1,1,1,30,Standard,Standar
14472,146,70,6596.108200000001,2,2,2,60,Silver,Standar
14479,262,10,445.87068,3,1,1,50,Silver,Silver
14487,294,14,1826.31704,3,1,1,50,Silver,Silver
14491,345,4,589.4453000000001,4,1,1,60,Silver,Silver
14496,28,19,864.9774600000001,1,1,1,30,Standard,Standar
14497,13,29,2878.1389799999997,1,1,1,30,Standard,Standar
14498,232,14,775.3546600000001,3,1,1,50,Silver,Silver
14501,81,4,1045.19,1,1,1,30,Standard,Standar
14502,31,45,4988.7887200000005,1,2,2,50,Silver,Standar
14505,150,183,12442.59581,2,4,4,100,Gold,Gold
14506,308,50,6864.63652,4,2,2,80,Premium,Silver
14514,129,26,1390.07806,2,1,1,40,Standard,Standar
14524,223,26,1125.89318,3,1,1,50,Silver,Silver
14525,112,27,2242.55084,2,1,1,40,Standard,Standar
14527,33,199,18310.64467,1,4,4,90,Premium,Gold
14532,40,23,2024.85806,1,1,1,30,Standard,Standar
14533,172,10,1490.2000400000002,2,1,1,40,Standard,Silver
14534,70,29,5659.2262,1,1,2,40,Standard,Standar
14540,13,11,1569.7680800000003,1,1,1,30,Standard,Standar
14541,48,75,13900.56168,1,3,4,80,Premium,Gold
14543,73,11,2859.6521000000002,1,1,1,30,Standard,Standar
14544,231,57,5321.61758,3,2,2,70,Silver,Silver
14548,66,2,358.6682,1,1,1,30,Standard,Standar
14549,24,56,7446.73779,1,2,3,60,Silver,Standar
14553,166,23,965.0118600000001,2,1,1,40,Standard,Silver
14560,11,22,2089.5293300000003,1,1,1,30,Standard,Standar
14565,230,54,2263.08794,3,2,1,60,Silver,Silver
14572,97,58,5618.30161,1,2,2,50,Silver,Standar
14573,335,76,8334.537400000001,4,3,3,100,Gold,Silver
14576,336,1,70.03945999999999,4,1,1,60,Silver,Silver
14577,242,38,2793.24098,3,1,1,50,Silver,Silver
14587,25,118,11285.15925,1,4,4,90,Premium,Gold
14589,333,3,278.9154,4,1,1,60,Silver,Silver
14594,355,31,5145.14914,4,1,2,70,Silver,Silver
14595,39,5,741.2682,1,1,1,30,Standard,Standar
14600,1,2,823.638,1,1,1,30,Standard,Standar
14606,1,575,66004.54347,1,4,4,90,Premium,Premium
14608,235,1,12.5962,3,1,1,50,Silver,Silver
14616,62,1,136.9,1,1,1,30,Standard,Standar
14618,158,6,633.46055,2,1,1,40,Standard,Standar
14621,199,16,3835.25782,2,1,1,40,Standard,Silver
14625,227,36,2922.68836,3,1,1,50,Silver,Silver
14627,27,5,661.4102,1,1,1,30,Standard,Standar
14639,195,42,3513.86996,2,2,1,50,Silver,Silver
14643,173,18,1350.9426,2,1,1,40,Standard,Silver
14646,91,290,23935.03529,1,4,4,90,Premium,Gold
14653,162,29,2715.5844600000005,2,1,1,40,Standard,Standar
14657,110,62,5908.58432,2,2,2,60,Silver,Standar
14659,43,50,6095.02588,1,2,2,50,Silver,Standar
14662,47,24,4288.7781,1,1,2,40,Standard,Standar
14665,21,26,5835.194579999999,1,1,2,40,Standard,Standar
14667,111,168,30200.40314,2,4,4,100,Gold,Gold
14669,135,110,7284.25872,2,4,3,90,Premium,Gold
14672,148,34,2625.37528,2,1,1,40,Standard,Standar
14673,286,15,1770.9791,3,1,1,50,Silver,Silver
14679,335,1,158.6729,4,1,1,60,Silver,Silver
14680,71,89,8617.623,1,3,3,70,Silver,Gold
14684,238,44,3602.9764,3,2,1,60,Silver,Silver
14688,33,58,8071.688370000001,1,2,3,60,Silver,Standar
14692,79,28,5599.09638,1,1,2,40,Standard,Standar
14696,108,35,3817.7902,2,1,1,40,Standard,Standar
14701,53,57,8718.58912,1,2,3,60,Silver,Standar
14702,46,91,8935.44888,1,3,3,70,Silver,Gold
14708,222,13,2951.98013,3,1,1,50,Silver,Silver
14709,41,37,2940.05256,1,1,1,30,Standard,Standar
14713,93,80,8132.684560000001,1,3,3,70,Silver,Gold
14715,130,13,578.3582600000001,2,1,1,40,Standard,Standar
14723,192,90,7914.984060000001,2,3,3,80,Premium,Gold
14729,358,71,9213.8237,4,3,3,100,Gold,Silver
14732,167,10,375.59803999999997,2,1,1,40,Standard,Silver
14733,59,134,12295.00914,1,4,4,90,Premium,Gold
14735,18,33,3202.91034,1,1,1,30,Standard,Standar
14737,173,8,287.08556,2,1,1,40,Standard,Silver
14738,51,11,2221.48876,1,1,1,30,Standard,Standar
14739,162,18,1080.46758,2,1,1,40,Standard,Standar
14741,232,19,1677.84366,3,1,1,50,Silver,Silver
14744,29,14,1887.92632,1,1,1,30,Standard,Standar
14748,131,35,1861.85763,2,1,1,40,Standard,Standar
14755,144,27,2862.45372,2,1,1,40,Standard,Standar
14761,145,7,1026.6261200000001,2,1,1,40,Standard,Standar
14766,258,8,878.4736,3,1,1,50,Silver,Silver
14769,103,59,5309.36055,2,2,2,60,Silver,Standar
14770,94,17,1289.40335,1,1,1,30,Standard,Standar
14775,337,20,1669.8585400000002,4,1,1,60,Silver,Silver
14776,33,22,3169.50832,1,1,1,30,Standard,Standar
14777,195,2,73.94039999999998,2,1,1,40,Standard,Silver
14778,11,18,2935.0243699999996,1,1,1,30,Standard,Standar
14779,90,35,9099.28946,1,1,3,50,Silver,Standar
14782,80,6,526.8747,1,1,1,30,Standard,Standar
14784,97,4,266.473,1,1,1,30,Standard,Standar
14794,142,9,845.51152,2,1,1,40,Standard,Standar
14796,81,143,16293.73738,1,4,4,90,Premium,Gold
14798,18,6,1292.9015,1,1,1,30,Standard,Standar
14800,146,146,12115.79612,2,4,4,100,Gold,Gold
14805,40,19,3187.6076,1,1,1,30,Standard,Standar
14810,4,55,6919.01566,1,2,2,50,Silver,Standar
14813,320,30,3140.37494,4,1,1,60,Silver,Silver
14821,280,2,366.43,3,1,1,50,Silver,Silver
14825,201,18,2235.9134400000003,3,1,1,50,Silver,Silver
14828,152,5,332.7046,2,1,1,40,Standard,Standar
14829,203,29,5059.3963,3,1,2,60,Silver,Silver
14841,202,19,2500.01776,3,1,1,50,Silver,Silver
14842,5,2,192.78400000000002,1,1,1,30,Standard,Standar
14849,59,52,5791.71702,1,2,2,50,Silver,Standar
14850,26,22,1615.3329,1,1,1,30,Standard,Standar
14865,336,3,56.3382,4,1,1,60,Silver,Silver
14866,269,1,22.4495,3,1,1,50,Silver,Silver
14867,147,16,1033.9316000000001,2,1,1,40,Standard,Standar
14871,221,25,1035.8089200000002,3,1,1,50,Silver,Silver
14878,200,13,1117.35476,2,1,1,40,Standard,Silver
14889,148,10,596.1976000000001,2,1,1,40,Standard,Standar
14895,93,3,103.08,1,1,1,30,Standard,Standar
14896,262,32,3913.5862,3,1,1,50,Silver,Silver
14898,111,12,1773.46198,2,1,1,40,Standard,Standar
14901,222,40,5083.46994,3,1,2,60,Silver,Silver
14907,222,48,5272.73322,3,2,2,70,Silver,Silver
14911,11,523,58317.29771,1,4,4,90,Premium,Premium
14913,206,17,1081.12936,3,1,1,50,Silver,Silver
14916,99,15,2215.88928,1,1,1,30,Standard,Standar
14932,263,17,905.68317,3,1,1,50,Silver,Silver
14944,172,1,50.816399999999994,2,1,1,40,Standard,Silver
14952,247,10,658.75566,3,1,1,50,Silver,Silver
14961,153,41,3546.91944,2,2,1,50,Silver,Standar
14970,53,5,1437.06496,1,1,1,30,Standard,Standar
14976,115,16,1043.79258,2,1,1,40,Standard,Standar
14978,62,74,5197.6814,1,3,2,60,Silver,Standar
14985,191,50,4745.91814,2,2,2,60,Silver,Silver
14987,263,2,378.36119999999994,3,1,1,50,Silver,Silver
15002,165,56,3618.69652,2,2,1,50,Silver,Standar
15005,19,146,12361.57988,1,4,4,90,Premium,Gold
15012,357,54,6689.22509,4,2,2,80,Premium,Silver
15018,287,5,371.6792,3,1,1,50,Silver,Silver
15021,277,57,4318.21029,3,2,2,70,Silver,Silver
15023,105,105,8885.7342,2,4,3,90,Premium,Gold
15024,280,48,5002.42196,3,2,2,70,Silver,Silver
15028,297,14,1110.04754,3,1,1,50,Silver,Silver
15032,271,30,2215.66778,3,1,1,50,Silver,Silver
15033,122,64,4345.24416,2,2,2,60,Silver,Standar
15034,160,82,6823.95516,2,3,2,70,Silver,Gold
15038,323,35,2796.3966800000003,4,1,1,60,Silver,Silver
15039,27,315,31738.3576,1,4,4,90,Premium,Gold
15044,138,134,9637.85424,2,4,3,90,Premium,Gold
15046,20,49,4330.6435,1,2,2,50,Silver,Standar
15048,300,23,1754.2012699999998,3,1,1,50,Silver,Silver
15052,76,30,3480.95382,1,1,1,30,Standard,Standar
15057,46,22,3155.23036,1,1,1,30,Standard,Standar
15058,29,61,6439.9702800000005,1,2,2,50,Silver,Standar
15059,87,30,2619.33134,1,1,1,30,Standard,Standar
15061,66,170,18104.00138,1,4,4,90,Premium,Gold
15062,204,11,453.33342,3,1,1,50,Silver,Silver
15070,347,1,541.14814,4,1,1,60,Silver,Silver
15078,77,56,6198.51876,1,2,2,50,Silver,Standar
15079,42,27,4441.73906,1,1,2,40,Standard,Standar
15081,281,8,549.73922,3,1,1,50,Silver,Silver
15090,6,23,2604.54464,1,1,1,30,Standard,Standar
15093,162,39,4177.65203,2,1,2,50,Silver,Standar
15100,124,6,967.7399200000001,2,1,1,40,Standard,Standar
15101,153,5,297.44688,2,1,1,40,Standard,Standar
15107,23,20,1814.15506,1,1,1,30,Standard,Standar
15110,73,9,1990.0646000000002,1,1,1,30,Standard,Standar
15111,346,16,3076.04088,4,1,1,60,Silver,Silver
15139,151,8,313.51152,2,1,1,40,Standard,Standar
15144,33,19,4480.91056,1,1,2,40,Standard,Standar
15157,187,56,3344.43625,2,2,1,50,Silver,Silver
15159,44,80,8538.83446,1,3,3,70,Silver,Gold
15160,188,4,389.95815000000005,2,1,1,40,Standard,Silver
15164,167,16,509.60985,2,1,1,40,Standard,Silver
15165,355,27,2500.9433000000004,4,1,1,60,Silver,Silver
15167,85,41,2902.09912,1,2,1,40,Standard,Standar
15171,101,7,155.8228,2,1,1,40,Standard,Standar
15174,93,11,596.70368,1,1,1,30,Standard,Standar
15179,77,45,4192.90004,1,2,2,50,Silver,Standar
15180,283,6,638.5524,3,1,1,50,Silver,Silver
15181,222,2,81.83239999999999,3,1,1,50,Silver,Silver
15189,33,10,1544.02286,1,1,1,30,Standard,Standar
15192,257,15,1137.02478,3,1,1,50,Silver,Silver
15194,30,114,23676.47922,1,4,4,90,Premium,Gold
15197,132,4,76.03327999999999,2,1,1,40,Standard,Standar
15199,6,3,176.9666,1,1,1,30,Standard,Standar
15203,25,20,283.6792,1,1,1,30,Standard,Standar
15204,188,9,408.12028000000004,2,1,1,40,Standard,Silver
15208,173,3,96.06783999999999,2,1,1,40,Standard,Silver
15211,256,23,1383.45373,3,1,1,50,Silver,Silver
15213,71,25,807.94996,1,1,1,30,Standard,Standar
15215,59,2,291.34392,1,1,1,30,Standard,Standar
15218,73,28,2896.74026,1,1,1,30,Standard,Standar
15221,271,11,411.99490000000003,3,1,1,50,Silver,Silver
15222,76,5,1011.8700000000001,1,1,1,30,Standard,Standar
15224,195,16,395.8823,2,1,1,40,Standard,Silver
15226,20,8,921.94006,1,1,1,30,Standard,Standar
15227,59,16,1153.9872,1,1,1,30,Standard,Standar
15235,13,88,8280.1967,1,3,3,70,Silver,Gold
15240,28,17,2267.53914,1,1,1,30,Standard,Standar
15246,202,12,319.83495999999997,3,1,1,50,Silver,Silver
15260,346,17,1885.55566,4,1,1,60,Silver,Silver
15262,96,10,1797.6929400000001,1,1,1,30,Standard,Standar
15266,162,6,725.9428,2,1,1,40,Standard,Standar
15270,19,18,969.87808,1,1,1,30,Standard,Standar
15271,159,40,4406.05015,2,1,2,50,Silver,Standar
15279,179,21,2011.8717000000001,2,1,1,40,Standard,Silver
15281,88,55,4122.64584,1,2,2,50,Silver,Standar
15288,259,26,2799.14576,3,1,1,50,Silver,Silver
15290,119,19,678.335,2,1,1,40,Standard,Standar
15291,79,35,1205.98392,1,1,1,30,Standard,Standar
15296,113,61,7143.46704,2,2,3,70,Silver,Standar
15298,103,39,2377.1707,2,1,1,40,Standard,Standar
15299,337,3,394.54629,4,1,1,60,Silver,Silver
15301,300,34,4037.11134,3,1,2,60,Silver,Silver
15304,301,5,307.20374000000004,4,1,1,60,Silver,Silver
15311,13,587,86911.74344,1,4,4,90,Premium,Premium
15312,178,17,762.52687,2,1,1,40,Standard,Silver
15316,114,1,57.919999999999995,2,1,1,40,Standard,Standar
15326,140,29,1915.4674400000001,2,1,1,40,Standard,Standar
15329,257,3,108.68271,3,1,1,50,Silver,Silver
15332,270,35,2917.62244,3,1,1,50,Silver,Silver
15339,70,41,5654.69112,1,2,2,50,Silver,Standar
15346,137,17,775.16628,2,1,1,40,Standard,Standar
15347,269,5,116.97619999999999,3,1,1,50,Silver,Silver
15350,356,5,637.9539,4,1,1,60,Silver,Silver
15351,321,53,23632.80632,4,2,4,100,Gold,Gold
15353,287,12,1157.97742,3,1,1,50,Silver,Silver
15356,222,115,10745.286540000001,3,4,4,110,Gold,Gold
15358,29,122,12086.506640000001,1,4,4,90,Premium,Gold
15361,234,7,530.59032,3,1,1,50,Silver,Silver
15363,344,16,1267.17082,4,1,1,60,Silver,Silver
15365,42,12,2155.9706,1,1,1,30,Standard,Standar
15366,195,8,1380.59544,2,1,1,40,Standard,Silver
15370,137,8,120.62235999999999,2,1,1,40,Standard,Standar
15373,63,24,2723.8591,1,1,1,30,Standard,Standar
15379,95,138,12145.29962,1,4,4,90,Premium,Gold
15380,257,1,386.43539999999996,3,1,1,50,Silver,Silver
15384,210,22,1792.54376,3,1,1,50,Silver,Silver
15392,194,20,1675.30088,2,1,1,40,Standard,Silver
15394,199,24,2870.6273800000004,2,1,1,40,Standard,Silver
15395,108,7,928.0786,2,1,1,40,Standard,Standar
15415,37,48,7676.142400000001,1,2,3,60,Silver,Standar
15421,19,16,717.35426,1,1,1,30,Standard,Standar
15422,93,6,357.34074,1,1,1,30,Standard,Standar
15426,292,87,7687.82896,3,3,3,90,Premium,Silver
15443,85,51,3685.6779,1,2,1,40,Standard,Standar
15447,127,9,732.40466,2,1,1,40,Standard,Standar
15448,35,28,5133.415800000001,1,1,2,40,Standard,Standar
15454,236,25,1978.52704,3,1,1,50,Silver,Silver
15456,204,26,1542.48096,3,1,1,50,Silver,Silver
15460,174,58,7168.85531,2,2,3,70,Silver,Standar
15464,160,157,15079.52722,2,4,4,100,Gold,Gold
15465,88,21,1773.12312,1,1,1,30,Standard,Standar
15468,223,1,8.6312,3,1,1,50,Silver,Silver
15482,202,8,387.4761,3,1,1,50,Silver,Silver
15485,147,43,2822.13131,2,2,1,50,Silver,Standar
15497,35,11,1852.86458,1,1,1,30,Standard,Standar
15498,79,163,12721.71534,1,4,4,90,Premium,Gold
15502,291,40,5004.07775,3,1,2,60,Silver,Silver
15503,243,70,4221.639520000001,3,2,2,70,Silver,Silver
15510,126,1,39.1142,2,1,1,40,Standard,Standar
15512,209,6,199.13412,3,1,1,50,Silver,Silver
15513,54,46,5479.777120000001,1,2,2,50,Silver,Standar
15514,221,113,7892.29683,3,4,3,100,Gold,Gold
15518,70,67,4833.57692,1,2,2,50,Silver,Standar
15525,357,57,8896.26625,4,2,3,90,Premium,Silver
15527,44,27,3214.4615000000003,1,1,1,30,Standard,Standar
15529,96,76,8881.35057,1,3,3,70,Silver,Gold
15532,194,50,6597.80592,2,2,2,60,Silver,Silver
15535,118,41,3886.6966,2,2,1,50,Silver,Standar
15544,344,26,2324.23582,4,1,1,60,Silver,Silver
15545,325,31,4079.29608,4,1,2,70,Silver,Silver
15547,43,90,8654.0263,1,3,3,70,Silver,Gold
15549,40,62,9549.55332,1,2,3,60,Silver,Gold
15555,231,96,6949.0383,3,3,2,80,Premium,Silver
15562,171,1,92.9,2,1,1,40,Standard,Silver
15563,201,22,1553.35284,3,1,1,50,Silver,Silver
15569,135,7,305.1236,2,1,1,40,Standard,Standar
15570,122,144,19107.83382,2,4,4,100,Gold,Gold
15574,199,159,14190.35294,2,4,4,100,Gold,Gold
15579,39,26,4080.5573600000002,1,1,2,40,Standard,Standar
15581,174,49,3375.7360400000002,2,2,1,50,Silver,Silver
15587,171,3,702.5220000000002,2,1,1,40,Standard,Silver
15589,21,12,1421.83407,1,1,1,30,Standard,Standar
15596,54,43,3780.31556,1,2,1,40,Standard,Standar
15601,48,157,19846.85572,1,4,4,90,Premium,Gold
15602,31,17,1651.5590000000002,1,1,1,30,Standard,Standar
15605,356,12,2473.6922000000004,4,1,1,60,Silver,Silver
15606,101,10,475.08393,2,1,1,40,Standard,Standar
15607,151,13,947.2718,2,1,1,40,Standard,Standar
15611,146,3,131.26819999999998,2,1,1,40,Standard,Standar
15615,124,50,4462.07684,2,2,2,60,Silver,Standar
15620,196,31,1450.79854,2,1,1,40,Standard,Silver
15626,124,20,1069.7236,2,1,1,40,Standard,Standar
15628,280,19,2341.1499400000002,3,1,1,50,Silver,Silver
15640,137,115,11557.43743,2,4,4,100,Gold,Gold
15641,206,20,1437.17198,3,1,1,50,Silver,Silver
15646,337,17,1945.2404400000003,4,1,1,60,Silver,Silver
15649,150,2,103.58500000000001,2,1,1,40,Standard,Standar
15658,14,28,6291.18882,1,1,2,40,Standard,Standar
15660,265,10,692.6814800000001,3,1,1,50,Silver,Silver
15661,61,5,1378.65,1,1,1,30,Standard,Standar
15664,203,2,366.764,3,1,1,50,Silver,Silver
15673,116,53,2507.84762,2,2,1,50,Silver,Standar
15680,270,30,2678.1587900000004,3,1,1,50,Silver,Silver
15687,25,45,5964.92584,1,2,2,50,Silver,Standar
15689,234,6,1203.54536,3,1,1,50,Silver,Silver
15694,26,24,2731.43892,1,1,1,30,Standard,Standar
15696,41,48,3834.83111,1,2,1,40,Standard,Standar
15708,37,96,9675.52236,1,3,3,70,Silver,Gold
15713,222,10,1205.89634,3,1,1,50,Silver,Silver
15716,318,38,2777.3314,4,1,1,60,Silver,Silver
15719,14,175,17827.194320000002,1,4,4,90,Premium,Gold
15723,250,41,4153.33237,3,2,2,70,Silver,Silver
15727,129,99,7763.75246,2,3,3,80,Premium,Gold
15732,341,5,371.05830000000003,4,1,1,60,Silver,Silver
15738,34,37,2609.5548,1,1,1,30,Standard,Standar
15749,135,5,694.9100000000001,2,1,1,40,Standard,Standar
15750,258,21,2151.9822400000003,3,1,1,50,Silver,Silver
15752,349,14,1862.45099,4,1,1,60,Silver,Silver
15759,195,4,135.81411999999997,2,1,1,40,Standard,Silver
15769,148,12,1049.5089600000001,2,1,1,40,Standard,Standar
15777,65,8,664.7322800000001,1,1,1,30,Standard,Standar
15780,189,12,1930.08524,2,1,1,40,Standard,Silver
15781,1,5,835.90202,1,1,1,30,Standard,Standar
15789,196,25,2440.46716,2,1,1,40,Standard,Silver
15797,76,1,194.055,1,1,1,30,Standard,Standar
15799,143,22,1173.40756,2,1,1,40,Standard,Standar
15805,254,11,1877.3542000000002,3,1,1,50,Silver,Silver
15808,2,210,27637.49433,1,4,4,90,Premium,Gold
15811,187,23,1402.06472,2,1,1,40,Standard,Silver
15812,64,2,384.85,1,1,1,30,Standard,Standar
15820,79,17,1960.4156600000001,1,1,1,30,Standard,Standar
15822,207,16,1107.20914,3,1,1,50,Silver,Silver
15823,157,17,819.12275,2,1,1,40,Standard,Standar
15827,35,29,3486.2181,1,1,1,30,Standard,Standar
15831,99,18,1138.96968,1,1,1,30,Standard,Standar
15834,337,2,127.148,4,1,1,60,Silver,Silver
15835,128,15,743.62796,2,1,1,40,Standard,Standar
15838,22,6,595.0459000000001,1,1,1,30,Standard,Standar
15841,165,7,195.32208,2,1,1,40,Standard,Silver
15845,153,13,5745.5234,2,1,2,50,Silver,Standar
15854,24,25,2787.0441800000003,1,1,1,30,Standard,Standar
15856,170,54,4923.249510000001,2,2,2,60,Silver,Standar
15858,284,44,3697.88878,3,2,1,60,Silver,Silver
15860,301,15,2318.74896,4,1,1,60,Silver,Silver
15862,363,64,10300.371060000001,4,2,4,100,Gold,Silver
15864,28,9,1406.4966000000002,1,1,1,30,Standard,Standar
15867,59,138,13406.665980000002,1,4,4,90,Premium,Gold
15880,312,106,15666.152520000001,4,4,4,120,Gold,Gold
15881,28,32,4254.39719,1,1,2,40,Standard,Standar
15882,294,17,2545.9354200000002,3,1,1,50,Silver,Silver
15885,13,1,32.443799999999996,1,1,1,30,Standard,Standar
15889,307,66,10270.80148,4,2,4,100,Gold,Silver
15894,309,38,3803.39278,4,1,1,60,Silver,Silver
15898,285,64,5021.92575,3,2,2,70,Silver,Silver
15899,303,4,407.9992,4,1,1,60,Silver,Silver
15910,54,42,6144.7249,1,2,2,50,Silver,Standar
15916,125,48,4450.0618,2,2,2,60,Silver,Standar
15919,301,49,5147.74256,4,2,2,80,Premium,Silver
15922,344,12,797.69736,4,1,1,60,Silver,Silver
15923,345,21,2440.32832,4,1,1,60,Silver,Silver
15938,97,5,1434.5100000000002,1,1,1,30,Standard,Standar
15939,25,18,1255.16868,1,1,1,30,Standard,Standar
15940,22,2,20.43282,1,1,1,30,Standard,Standar
15945,260,2,594.1981999999999,3,1,1,50,Silver,Silver
15950,209,29,2346.7139,3,1,1,50,Silver,Silver
15953,132,27,2620.30964,2,1,1,40,Standard,Standar
15955,347,20,3722.49722,4,1,1,60,Silver,Silver
15965,285,16,2216.70968,3,1,1,50,Silver,Silver
15967,73,35,3171.72632,1,1,1,30,Standard,Standar
15971,22,4,372.64482,1,1,1,30,Standard,Standar
15973,166,5,397.08189,2,1,1,40,Standard,Silver
15981,24,4,146.22562,1,1,1,30,Standard,Standar
15983,220,81,6954.04432,3,3,2,80,Premium,Silver
15984,163,17,720.98531,2,1,1,40,Standard,Standar
15987,303,9,278.59997999999996,4,1,1,60,Silver,Silver
15996,267,32,1108.32346,3,1,1,50,Silver,Silver
15998,237,118,9931.32322,3,4,3,100,Gold,Gold
16003,208,20,1938.6186,3,1,1,50,Silver,Silver
16010,239,24,3880.54512,3,1,1,50,Silver,Silver
16011,23,50,6666.07894,1,2,2,50,Silver,Standar
16013,152,12,578.965,2,1,1,40,Standard,Standar
16016,270,70,7022.45684,3,2,3,80,Premium,Silver
16019,42,27,1164.81968,1,1,1,30,Standard,Standar
16029,6,52,5832.5509,1,2,2,50,Silver,Standar
16030,16,29,3987.6556,1,1,1,30,Standard,Standar
16033,109,141,9926.08878,2,4,3,90,Premium,Gold
16034,136,9,338.358,2,1,1,40,Standard,Standar
16037,202,15,1008.90685,3,1,1,50,Silver,Silver
16042,135,6,618.388,2,1,1,40,Standard,Standar
16043,65,17,1132.7552,1,1,1,30,Standard,Standar
16048,353,8,1602.92332,4,1,1,60,Silver,Silver
16059,117,49,3041.3003400000002,2,2,1,50,Silver,Standar
16062,249,7,713.2986000000001,3,1,1,50,Silver,Silver
16065,261,74,8377.79271,3,3,3,90,Premium,Silver
16081,278,22,3090.31975,3,1,1,50,Silver,Silver
16083,222,17,596.4856,3,1,1,50,Silver,Silver
16085,87,28,2440.62594,1,1,1,30,Standard,Standar
16086,285,8,822.4624,3,1,1,50,Silver,Silver
16094,153,2,35.2342,2,1,1,40,Standard,Standar
16098,364,12,988.1271,4,1,1,60,Silver,Silver
16109,8,3,851.5175,1,1,1,30,Standard,Standar
16110,23,115,13010.70403,1,4,4,90,Premium,Gold
16112,138,10,1031.2314000000001,2,1,1,40,Standard,Standar
16122,137,19,1010.8370699999999,2,1,1,40,Standard,Standar
16124,48,16,1043.2425600000001,1,1,1,30,Standard,Standar
16125,281,13,1720.1115,3,1,1,50,Silver,Silver
16133,47,13,1332.0029000000002,1,1,1,30,Standard,Standar
16134,174,19,2652.5454200000004,2,1,1,40,Standard,Silver
16138,291,1,15.784,3,1,1,50,Silver,Silver
16140,328,7,1190.8527600000002,4,1,1,60,Silver,Silver
16143,178,28,3313.5118300000004,2,1,1,40,Standard,Silver
16145,136,38,2658.31917,2,1,1,40,Standard,Standar
16150,153,26,2590.7581600000003,2,1,1,40,Standard,Standar
16153,180,10,1275.1364,2,1,1,40,Standard,Silver
16156,20,18,2107.5286800000003,1,1,1,30,Standard,Standar
16161,22,124,11846.32363,1,4,4,90,Premium,Gold
16163,256,5,166.32618,3,1,1,50,Silver,Silver
16168,77,8,578.2384,1,1,1,30,Standard,Standar
16186,341,20,925.83961,4,1,1,60,Silver,Silver
16191,29,36,1705.43272,1,1,1,30,Standard,Standar
16202,224,18,934.17744,3,1,1,50,Silver,Silver
16203,136,12,1804.92,2,1,1,40,Standard,Standar
16206,118,25,1869.26488,2,1,1,40,Standard,Standar
16210,17,42,4382.333320000001,1,2,2,50,Silver,Standar
16218,362,28,4166.47286,4,1,2,70,Silver,Silver
16221,286,12,1256.91446,3,1,1,50,Silver,Silver
16222,67,137,12996.7011,1,4,4,90,Premium,Gold
16233,124,12,764.4938,2,1,1,40,Standard,Standar
16235,119,9,970.9305,2,1,1,40,Standard,Standar
16241,166,71,7105.03085,2,3,3,80,Premium,Standar
16244,346,63,6221.29763,4,2,2,80,Premium,Silver
16250,364,14,2281.19164,4,1,1,60,Silver,Silver
16252,266,21,1884.8395400000002,3,1,1,50,Silver,Silver
16255,168,60,5085.824500000001,2,2,2,60,Silver,Standar
16262,222,3,747.3000000000001,3,1,1,50,Silver,Silver
16265,252,38,3269.9635200000002,3,1,1,50,Silver,Silver
16270,173,54,4975.67306,2,2,2,60,Silver,Standar
16271,195,16,786.6314199999999,2,1,1,40,Standard,Silver
16274,353,67,7653.70347,4,2,3,90,Premium,Silver
16279,141,2,201.83620000000002,2,1,1,40,Standard,Standar
16282,168,11,904.1778,2,1,1,40,Standard,Silver
16293,283,16,741.9092999999999,3,1,1,50,Silver,Silver
16303,139,35,2679.1498,2,1,1,40,Standard,Standar
16306,153,15,558.14978,2,1,1,40,Standard,Standar
16315,127,14,316.4946,2,1,1,40,Standard,Standar
16316,163,21,2496.75076,2,1,1,40,Standard,Standar
16321,96,4,290.3681,1,1,1,30,Standard,Standar
16326,40,43,2239.39464,1,2,1,40,Standard,Standar
16327,45,101,10292.5399,1,4,4,90,Premium,Gold
16333,16,2,648.7645,1,1,1,30,Standard,Standar
16350,141,25,1154.90574,2,1,1,40,Standard,Standar
16351,137,8,388.71856,2,1,1,40,Standard,Standar
16353,12,13,1005.82996,1,1,1,30,Standard,Standar
16359,119,5,99.30766,2,1,1,40,Standard,Standar
16365,206,7,458.46614,3,1,1,50,Silver,Silver
16367,240,37,1655.68488,3,1,1,50,Silver,Silver
16378,20,10,1784.4587000000001,1,1,1,30,Standard,Standar
16385,272,21,1047.90696,3,1,1,50,Silver,Silver
16387,91,4,54.64578,1,1,1,30,Standard,Standar
16393,240,22,1562.4040400000001,3,1,1,50,Silver,Silver
16395,97,60,6836.6705600000005,1,2,2,50,Silver,Standar
16401,118,14,896.5165800000001,2,1,1,40,Standard,Standar
16402,311,57,7317.12618,4,2,3,90,Premium,Silver
16403,32,10,923.75348,1,1,1,30,Standard,Standar
16405,17,3,57.86747999999999,1,1,1,30,Standard,Standar
16407,32,20,1463.51648,1,1,1,30,Standard,Standar
16409,59,48,5260.882680000001,1,2,2,50,Silver,Standar
16411,312,21,1046.95512,4,1,1,60,Silver,Silver
16419,26,17,1045.72059,1,1,1,30,Standard,Standar
16422,25,54,5291.52688,1,2,2,50,Silver,Standar
16424,157,1,18.5434,2,1,1,40,Standard,Standar
16442,223,46,5656.04618,3,2,2,70,Silver,Silver
16455,225,30,1937.979,3,1,1,50,Silver,Silver
16456,4,62,8745.72765,1,2,3,60,Silver,Standar
16458,222,10,567.98764,3,1,1,50,Silver,Silver
16470,201,40,2785.26734,3,1,1,50,Silver,Silver
16473,152,8,435.33968000000004,2,1,1,40,Standard,Standar
16477,82,59,5192.57824,1,2,2,50,Silver,Standar
16493,124,6,150.04199999999997,2,1,1,40,Standard,Standar
16496,57,41,6415.2972,1,2,2,50,Silver,Standar
16497,66,27,3392.8772,1,1,1,30,Standard,Standar
16499,214,22,2265.13988,3,1,1,50,Silver,Silver
16500,128,1,15.062399999999998,2,1,1,40,Standard,Standar
16503,126,53,5090.2852,2,2,2,60,Silver,Standar
16510,342,13,2222.35696,4,1,1,60,Silver,Silver
16515,25,31,2716.5110400000003,1,1,1,30,Standard,Standar
16519,258,5,109.69955999999999,3,1,1,50,Silver,Silver
16520,260,60,8346.75049,3,2,3,80,Premium,Silver
16523,44,26,2011.37352,1,1,1,30,Standard,Standar
16525,3,39,3717.53107,1,1,1,30,Standard,Standar
16531,70,14,1505.46466,1,1,1,30,Standard,Standar
16532,164,1,17.151,2,1,1,40,Standard,Silver
16539,195,30,3927.3919800000003,2,1,1,40,Standard,Silver
16546,337,12,1820.40568,4,1,1,60,Silver,Silver
16549,144,33,1812.76728,2,1,1,40,Standard,Standar
16550,293,51,3877.5318899999997,3,2,1,60,Silver,Silver
16551,152,11,733.0154799999999,2,1,1,40,Standard,Standar
16552,359,5,524.15922,4,1,1,60,Silver,Silver
16553,215,18,7489.208279999999,3,1,3,70,Silver,Silver
16554,131,2,598.1178,2,1,1,40,Standard,Standar
16556,216,16,1557.6194,3,1,1,50,Silver,Silver
16558,81,64,4139.42116,1,2,2,50,Silver,Standar
16560,196,21,2358.39,2,1,1,40,Standard,Silver
16565,245,3,105.5484,3,1,1,50,Silver,Silver
16567,153,26,2393.5398800000003,2,1,1,40,Standard,Standar
16570,28,18,2046.01446,1,1,1,30,Standard,Standar
16579,257,1,280.731,3,1,1,50,Silver,Silver
16583,361,14,2188.89964,4,1,1,60,Silver,Silver
16593,118,1,8.249,2,1,1,40,Standard,Standar
16596,266,6,101.0341,3,1,1,50,Silver,Silver
16600,164,9,1077.75928,2,1,1,40,Standard,Silver
16607,187,9,837.57506,2,1,1,40,Standard,Silver
16612,27,18,2956.89185,1,1,1,30,Standard,Standar
16618,90,35,5535.12488,1,1,2,40,Standard,Standar
16634,336,8,1199.6819,4,1,1,60,Silver,Silver
16638,121,12,323.47697999999997,2,1,1,40,Standard,Standar
16654,291,9,813.4316,3,1,1,50,Silver,Silver
16655,132,39,2551.3472,2,1,1,40,Standard,Standar
16656,59,11,193.62369999999999,1,1,1,30,Standard,Standar
16658,293,8,1044.59814,3,1,1,50,Silver,Silver
16660,79,4,43.57258,1,1,1,30,Standard,Standar
16665,236,9,1113.13624,3,1,1,50,Silver,Silver
16670,109,52,4086.58308,2,2,2,60,Silver,Standar
16676,157,29,1022.98482,2,1,1,40,Standard,Standar
16679,271,3,105.63174,3,1,1,50,Silver,Silver
16684,15,57,6195.41954,1,2,2,50,Silver,Standar
16686,181,87,9219.744120000001,2,3,3,80,Premium,Gold
16700,53,52,4697.4698,1,2,2,50,Silver,Standar
16701,132,20,1538.0686799999999,2,1,1,40,Standard,Standar
16705,24,60,3600.4307200000003,1,2,1,40,Standard,Standar
16710,215,75,5043.11735,3,3,2,80,Premium,Silver
16711,188,1,21.3282,2,1,1,40,Standard,Silver
16713,178,106,10014.24689,2,4,4,100,Gold,Gold
16714,61,93,11607.26236,1,3,4,80,Premium,Gold
16716,22,1,46.90792,1,1,1,30,Standard,Standar
16717,19,18,1333.10374,1,1,1,30,Standard,Standar
16718,313,45,5039.11786,4,2,2,80,Premium,Silver
16719,164,60,6719.998140000001,2,2,2,60,Silver,Standar
16722,222,42,2722.48475,3,2,1,60,Silver,Silver
16725,6,133,12736.88006,1,4,4,90,Premium,Gold
16726,230,20,882.1792,3,1,1,50,Silver,Silver
16727,246,46,4069.15868,3,2,2,70,Silver,Silver
16730,77,14,3388.5763,1,1,1,30,Standard,Standar
16735,144,47,3648.7664400000003,2,2,1,50,Silver,Standar
16743,200,30,2832.9977299999996,2,1,1,40,Standard,Silver
16745,2,58,5991.65896,1,2,2,50,Silver,Standar
16746,118,47,3339.3325,2,2,1,50,Silver,Standar
16748,13,19,2089.71494,1,1,1,30,Standard,Standar
16752,345,9,1060.7789400000001,4,1,1,60,Silver,Silver
16754,336,2,164.5906,4,1,1,60,Silver,Silver
16755,45,16,1786.3599600000002,1,1,1,30,Standard,Standar
16757,73,7,998.7561400000001,1,1,1,30,Standard,Standar
16767,52,50,6906.03762,1,2,2,50,Silver,Standar
16770,38,67,9875.85326,1,2,3,60,Silver,Gold
16771,19,105,11887.739660000001,1,4,4,90,Premium,Gold
16775,125,30,2992.2850000000003,2,1,1,40,Standard,Standar
16779,22,75,6392.67424,1,3,2,60,Silver,Standar
16781,257,19,2251.07268,3,1,1,50,Silver,Silver
16782,56,119,10891.56417,1,4,4,90,Premium,Gold
16791,133,53,3675.67666,2,2,1,50,Silver,Standar
16795,258,66,5565.20711,3,2,2,70,Silver,Silver
16805,215,55,4096.785080000001,3,2,2,70,Silver,Silver
16810,223,1,35.5944,3,1,1,50,Silver,Silver
16812,220,15,2028.59912,3,1,1,50,Silver,Silver
16814,16,92,8621.618050000001,1,3,3,70,Silver,Gold
16816,36,20,2976.3204,1,1,1,30,Standard,Standar
16817,213,19,1955.69214,3,1,1,50,Silver,Silver
16833,144,18,1583.82456,2,1,1,40,Standard,Standar
16835,350,5,285.08371999999997,4,1,1,60,Silver,Silver
16839,35,26,1895.17771,1,1,1,30,Standard,Standar
16843,116,19,1757.3725600000002,2,1,1,40,Standard,Standar
16850,140,19,1680.59554,2,1,1,40,Standard,Standar
16858,269,13,691.0129400000001,3,1,1,50,Silver,Silver
16861,291,2,40.907700000000006,3,1,1,50,Silver,Silver
16863,224,10,1344.80922,3,1,1,50,Silver,Silver
16873,176,70,3704.39258,2,2,1,50,Silver,Silver
16875,137,28,3296.93404,2,1,1,40,Standard,Standar
16882,58,1,267.8,1,1,1,30,Standard,Standar
16883,334,17,2568.49308,4,1,1,60,Silver,Silver
16885,186,30,3851.29938,2,1,1,40,Standard,Silver
16889,152,48,5321.1003,2,2,2,60,Silver,Standar
16891,333,69,8894.14278,4,2,3,90,Premium,Silver
16892,95,1,47.23855999999999,1,1,1,30,Standard,Standar
16893,277,45,3882.25528,3,2,1,60,Silver,Silver
16897,40,30,3981.09232,1,1,1,30,Standard,Standar
16898,258,33,3651.21094,3,1,1,50,Silver,Silver
16899,216,16,881.27764,3,1,1,50,Silver,Silver
16904,102,76,6744.5953,2,3,2,70,Silver,Standar
16905,334,10,1125.342,4,1,1,60,Silver,Silver
16907,256,34,4024.55884,3,1,2,60,Silver,Silver
16912,93,13,1033.81324,1,1,1,30,Standard,Standar
16916,343,50,3706.49226,4,2,1,70,Silver,Silver
16918,58,31,2613.1374,1,1,1,30,Standard,Standar
16919,215,65,8089.2772,3,2,3,80,Premium,Silver
16923,40,125,16290.335420000001,1,4,4,90,Premium,Gold
16926,331,14,640.70312,4,1,1,60,Silver,Silver
16927,231,2,39.8942,3,1,1,50,Silver,Silver
16928,90,11,1703.30472,1,1,1,30,Standard,Standar
16931,86,129,12395.74533,1,4,4,90,Premium,Gold
16938,11,14,2168.1843,1,1,1,30,Standard,Standar
16943,67,21,1629.4584000000002,1,1,1,30,Standard,Standar
16945,193,19,1506.9146,2,1,1,40,Standard,Silver
16948,108,5,628.5715,2,1,1,40,Standard,Standar
16949,54,5,931.9382,1,1,1,30,Standard,Standar
16950,283,3,187.305,3,1,1,50,Silver,Silver
16954,212,12,418.1947,3,1,1,50,Silver,Silver
16955,148,16,1456.83886,2,1,1,40,Standard,Standar
16983,82,23,1329.60274,1,1,1,30,Standard,Standar
16985,20,33,4152.16436,1,1,2,40,Standard,Standar
16992,18,2,49.36714,1,1,1,30,Standard,Standar
16995,336,1,27.1854,4,1,1,60,Silver,Silver
16996,172,6,394.86234,2,1,1,40,Standard,Silver
16997,13,8,706.6298800000001,1,1,1,30,Standard,Standar
17001,76,32,1898.26646,1,1,1,30,Standard,Standar
17007,173,13,1356.3892,2,1,1,40,Standard,Silver
17017,214,75,7774.88281,3,3,3,90,Premium,Silver
17018,109,6,697.6221400000001,2,1,1,40,Standard,Standar
17019,127,90,8839.12125,2,3,3,80,Premium,Gold
17025,352,5,1243.3789000000002,4,1,1,60,Silver,Silver
17026,315,3,173.74040000000002,4,1,1,60,Silver,Silver
17027,61,43,3886.5398800000003,1,2,1,40,Standard,Standar
17033,208,8,406.81882,3,1,1,50,Silver,Silver
17035,25,18,1767.5068,1,1,1,30,Standard,Standar
17041,222,18,757.0038,3,1,1,50,Silver,Silver
17044,203,3,69.53414,3,1,1,50,Silver,Silver
17048,88,16,1337.8921,1,1,1,30,Standard,Standar
17059,317,117,9708.23974,4,4,3,110,Gold,Gold
17062,40,71,6990.63208,1,3,2,60,Silver,Standar
17064,116,23,3788.1339799999996,2,1,1,40,Standard,Standar
17068,33,69,7122.74982,1,2,3,60,Silver,Standar
17069,171,30,2676.46576,2,1,1,40,Standard,Silver
17071,17,17,1412.02294,1,1,1,30,Standard,Standar
17075,62,18,456.1498,1,1,1,30,Standard,Standar
17076,253,7,1170.30618,3,1,1,50,Silver,Silver
17082,66,24,562.9120800000001,1,1,1,30,Standard,Standar
17085,179,86,6694.488740000001,2,3,2,70,Silver,Gold
17090,177,2,106.24620000000002,2,1,1,40,Standard,Silver
17091,70,53,4163.96868,1,2,2,50,Silver,Standar
17094,66,15,1990.74816,1,1,1,30,Standard,Standar
17095,132,17,829.31008,2,1,1,40,Standard,Standar
17097,100,63,6528.44736,1,2,2,50,Silver,Standar
17105,2,38,5126.24919,1,1,2,40,Standard,Standar
17114,146,29,2903.2498,2,1,1,40,Standard,Standar
17118,63,10,1943.7512000000002,1,1,1,30,Standard,Standar
17126,241,63,7372.20858,3,2,3,80,Premium,Silver
17128,145,14,1101.19936,2,1,1,40,Standard,Standar
17135,335,9,1548.8283000000001,4,1,1,60,Silver,Silver
17146,200,16,2407.12198,2,1,1,40,Standard,Silver
17147,28,18,877.33948,1,1,1,30,Standard,Standar
17158,217,25,2266.29876,3,1,1,50,Silver,Silver
17179,229,20,2157.71828,3,1,1,50,Silver,Silver
17180,46,55,6398.732120000001,1,2,2,50,Silver,Standar
17181,359,2,374.2782,4,1,1,60,Silver,Silver
17188,42,37,3748.9757,1,1,1,30,Standard,Standar
17189,203,38,4498.68384,3,1,2,60,Silver,Silver
17191,291,72,8707.75056,3,3,3,90,Premium,Silver
17194,221,28,1673.87544,3,1,1,50,Silver,Silver
17198,259,77,10785.48594,3,3,4,100,Gold,Silver
17204,179,3,399.70000000000005,2,1,1,40,Standard,Silver
17211,173,75,5377.51404,2,3,2,70,Silver,Standar
17213,51,53,4032.65308,1,2,2,50,Silver,Standar
17214,13,27,1968.04484,1,1,1,30,Standard,Standar
17218,143,119,8474.54981,2,4,3,90,Premium,Gold
17220,34,69,8286.6054,1,2,3,60,Silver,Standar
17223,18,49,8869.87976,1,2,3,60,Silver,Standar
17226,10,21,2551.31794,1,1,1,30,Standard,Standar
17227,302,10,340.9597,4,1,1,60,Silver,Silver
17228,26,48,4397.2253200000005,1,2,2,50,Silver,Standar
17230,20,60,6452.32806,1,2,2,50,Silver,Standar
17231,97,85,7508.1908,1,3,3,70,Silver,Gold
17235,343,10,2046.6148,4,1,1,60,Silver,Silver
17236,70,33,2760.9690400000004,1,1,1,30,Standard,Standar
17238,89,86,10946.228710000001,1,3,4,80,Premium,Gold
17239,35,16,2739.0137600000003,1,1,1,30,Standard,Standar
17243,88,64,6510.93448,1,2,2,50,Silver,Standar
17251,243,39,2245.59252,3,1,1,50,Silver,Silver
17256,31,12,1042.2765,1,1,1,30,Standard,Standar
17259,296,87,6592.89264,3,3,2,80,Premium,Silver
17262,271,2,23.3521,3,1,1,50,Silver,Silver
17277,90,52,4786.68806,1,2,2,50,Silver,Standar
17284,149,131,7372.37436,2,4,3,90,Premium,Gold
17287,286,22,2288.4392,3,1,1,50,Silver,Silver
17288,112,12,1530.2988,2,1,1,40,Standard,Standar
17291,8,1,139.93,1,1,1,30,Standard,Standar
17293,5,25,2433.57749,1,1,1,30,Standard,Standar
17303,230,53,3132.5411599999998,3,2,1,60,Silver,Silver
17306,59,9,210.03470000000002,1,1,1,30,Standard,Standar
17307,257,1,28.6442,3,1,1,50,Silver,Silver
17311,55,24,4064.3382,1,1,2,40,Standard,Standar
17314,28,26,3753.8130800000004,1,1,1,30,Standard,Standar
17315,6,85,9168.19551,1,3,3,70,Silver,Gold
17320,289,22,1994.79832,3,1,1,50,Silver,Silver
17324,132,17,1642.0088400000002,2,1,1,40,Standard,Standar
17329,41,16,2876.261,1,1,1,30,Standard,Standar
17334,12,10,1584.45262,1,1,1,30,Standard,Standar
17337,17,260,37935.25831,1,4,4,90,Premium,Gold
17338,130,122,7911.04514,2,4,3,90,Premium,Gold
17339,258,4,50.432,3,1,1,50,Silver,Silver
17340,174,137,12129.03947,2,4,4,100,Gold,Gold
17341,273,161,13441.841190000001,3,4,4,110,Gold,Gold
17343,180,17,1294.1808800000001,2,1,1,40,Standard,Silver
17346,210,47,3683.79016,3,2,1,60,Silver,Silver
17356,27,19,2077.0063,1,1,1,30,Standard,Standar
17358,182,42,5312.585400000001,2,2,2,60,Silver,Silver
17362,16,12,910.77752,1,1,1,30,Standard,Standar
17364,93,52,2368.54628,1,2,1,40,Standard,Standar
17365,136,79,5001.4444,2,3,2,70,Silver,Standar
17368,66,42,3137.7485800000004,1,2,1,40,Standard,Standar
17371,227,8,1313.5808000000002,3,1,1,50,Silver,Silver
17372,59,95,9315.09638,1,3,3,70,Silver,Gold
17373,34,17,2136.84596,1,1,1,30,Standard,Standar
17375,29,43,4261.3712000000005,1,2,2,50,Silver,Standar
17376,23,13,675.45094,1,1,1,30,Standard,Standar
17377,186,45,4549.98124,2,2,2,60,Silver,Silver
17381,10,19,2925.9791800000003,1,1,1,30,Standard,Standar
17389,29,17,2947.6304400000004,1,1,1,30,Standard,Standar
17392,4,62,7820.6840600000005,1,2,3,60,Silver,Standar
17396,335,3,46.0146,4,1,1,60,Silver,Silver
17400,172,37,7650.397369999999,2,1,3,60,Silver,Standar
17402,121,27,2451.20966,2,1,1,40,Standard,Standar
17404,45,48,4936.77526,1,2,2,50,Silver,Standar
17406,126,116,8237.85484,2,4,3,90,Premium,Gold
17411,263,2,183.16970000000003,3,1,1,50,Silver,Silver
17412,193,21,2211.68086,2,1,1,40,Standard,Silver
17418,96,12,1176.2717,1,1,1,30,Standard,Standar
17419,103,37,2338.35118,2,1,1,40,Standard,Standar
17420,364,7,650.5532000000001,4,1,1,60,Silver,Silver
17428,137,50,2647.76988,2,2,1,50,Silver,Standar
17430,261,5,1382.45,3,1,1,50,Silver,Silver
17431,37,43,7123.26896,1,2,3,60,Silver,Standar
17442,257,1,249.5259,3,1,1,50,Silver,Silver
17446,19,5,928.7266500000001,1,1,1,30,Standard,Standar
17449,210,73,7382.272910000001,3,3,3,90,Premium,Silver
17450,137,74,3364.4397,2,3,1,60,Silver,Standar
17454,211,9,1122.83025,3,1,1,50,Silver,Silver
17456,257,17,1064.7045500000002,3,1,1,50,Silver,Silver
17457,12,8,823.9662000000001,1,1,1,30,Standard,Standar
17460,67,8,585.6802,1,1,1,30,Standard,Standar
17463,36,94,11252.83782,1,3,4,80,Premium,Gold
17470,288,11,1372.5018,3,1,1,50,Silver,Silver
17491,108,13,365.01508,2,1,1,40,Standard,Standar
17496,203,10,331.23118,3,1,1,50,Silver,Silver
17504,92,27,2458.89772,1,1,1,30,Standard,Standar
17507,12,45,6018.5599,1,2,2,50,Silver,Standar
17511,22,213,19989.91866,1,4,4,90,Premium,Gold
17515,67,31,3063.1984,1,1,1,30,Standard,Standar
17517,10,11,980.0460400000001,1,1,1,30,Standard,Standar
17519,224,19,2007.58174,3,1,1,50,Silver,Silver
17524,229,6,281.5288,3,1,1,50,Silver,Silver
17525,209,9,463.71328,3,1,1,50,Silver,Silver
17526,223,7,633.98745,3,1,1,50,Silver,Silver
17530,254,65,6114.073710000001,3,2,2,70,Silver,Silver
17540,50,8,406.24,1,1,1,30,Standard,Standar
17547,341,2,173.92849999999999,4,1,1,60,Silver,Silver
17548,363,7,632.2849,4,1,1,60,Silver,Silver
17551,206,43,3091.37282,3,2,1,60,Silver,Silver
17552,335,13,1342.23242,4,1,1,60,Silver,Silver
17555,145,49,4172.87624,2,2,2,60,Silver,Standar
17560,20,4,182.02840999999998,1,1,1,30,Standard,Standar
17567,340,27,2774.53885,4,1,1,60,Silver,Silver
17569,133,29,2028.11524,2,1,1,40,Standard,Standar
17572,357,4,472.42692,4,1,1,60,Silver,Silver
17576,104,44,7150.439600000001,2,2,3,70,Silver,Standar
17580,32,44,5056.95564,1,2,2,50,Silver,Standar
17581,123,65,5735.57734,2,2,2,60,Silver,Standar
17585,161,28,3589.85342,2,1,1,40,Standard,Standar
17591,59,99,6767.22968,1,3,2,60,Silver,Gold
17593,172,26,995.40424,2,1,1,40,Standard,Silver
17596,299,60,5040.0517500000005,3,2,2,70,Silver,Silver
17602,98,103,12508.808140000001,1,4,4,90,Premium,Gold
17604,30,27,3916.08998,1,1,1,30,Standard,Standar
17609,116,100,7485.74312,2,3,3,80,Premium,Gold
17611,84,193,18841.35652,1,4,4,90,Premium,Gold
17616,288,1,137.4,3,1,1,50,Silver,Silver
17618,235,53,2967.72012,3,2,1,60,Silver,Silver
17619,31,77,6342.57682,1,3,2,60,Silver,Standar
17621,33,15,2603.72492,1,1,1,30,Standard,Standar
17629,137,12,1311.55112,2,1,1,40,Standard,Standar
17633,203,1,19.20774,3,1,1,50,Silver,Silver
17634,157,74,4827.59995,2,3,2,70,Silver,Standar
17643,354,8,679.1295,4,1,1,60,Silver,Silver
17644,88,1,20.43258,1,1,1,30,Standard,Standar
17646,258,9,1073.6776100000002,3,1,1,50,Silver,Silver
17655,195,11,329.8168,2,1,1,40,Standard,Silver
17659,194,17,1816.3779399999999,2,1,1,40,Standard,Silver
17671,258,17,449.3819,3,1,1,50,Silver,Silver
17672,14,41,5210.9227200000005,1,2,2,50,Silver,Standar
17673,82,44,8306.1308,1,2,3,60,Silver,Standar
17674,303,11,488.78754000000004,4,1,1,60,Silver,Silver
17675,28,61,5300.507860000001,1,2,2,50,Silver,Standar
17676,271,15,1458.55512,3,1,1,50,Silver,Silver
17677,70,44,3668.28578,1,2,1,40,Standard,Standar
17682,294,18,1480.41564,3,1,1,50,Silver,Silver
17685,5,41,3600.0950000000003,1,2,1,40,Standard,Standar
17690,112,76,7682.97406,2,3,3,80,Premium,Gold
17691,194,19,647.98448,2,1,1,40,Standard,Silver
17692,207,25,3006.16589,3,1,1,50,Silver,Silver
17696,153,8,1323.15596,2,1,1,40,Standard,Standar
17700,257,3,59.380579999999995,3,1,1,50,Silver,Silver
17702,259,5,648.787,3,1,1,50,Silver,Silver
17706,278,28,2593.6129,3,1,1,50,Silver,Silver
17707,150,3,43.398720000000004,2,1,1,40,Standard,Standar
17708,103,26,3104.60002,2,1,1,40,Standard,Standar
17714,88,10,583.31998,1,1,1,30,Standard,Standar
17720,287,1,64.3082,3,1,1,50,Silver,Silver
17722,59,80,6663.97045,1,3,2,60,Silver,Standar
17730,70,18,1315.0119,1,1,1,30,Standard,Standar
17732,349,18,2161.41538,4,1,1,60,Silver,Silver
17735,63,57,7643.145700000001,1,2,3,60,Silver,Standar
17739,138,12,769.2334000000001,2,1,1,40,Standard,Standar
17742,137,13,1331.9384400000001,2,1,1,40,Standard,Standar
17744,93,51,2818.8535,1,2,1,40,Standard,Standar
17752,203,1,179.8,3,1,1,50,Silver,Silver
17757,48,123,10100.238940000001,1,4,4,90,Premium,Gold
17760,353,9,997.5545,4,1,1,60,Silver,Silver
17769,87,34,4535.09298,1,1,2,40,Standard,Standar
17771,95,22,2026.74524,1,1,1,30,Standard,Standar
17786,60,28,2403.1875600000003,1,1,1,30,Standard,Standar
17787,96,79,7803.88338,1,3,3,70,Silver,Gold
17790,190,24,2165.48009,2,1,1,40,Standard,Silver
17796,39,78,10536.61732,1,3,4,80,Premium,Gold
17799,79,119,10611.030060000001,1,4,4,90,Premium,Gold
17800,144,12,698.3034200000001,2,1,1,40,Standard,Standar
17802,342,12,966.92304,4,1,1,60,Silver,Silver
17809,331,15,934.83628,4,1,1,60,Silver,Silver
17811,21,121,14705.975890000002,1,4,4,90,Premium,Gold
17812,289,33,2121.63922,3,1,1,50,Silver,Silver
17816,258,10,2118.36186,3,1,1,50,Silver,Silver
17819,238,14,1505.6634000000001,3,1,1,50,Silver,Silver
17820,203,3,387.92314,3,1,1,50,Silver,Silver
17827,250,112,8747.50404,3,4,3,100,Gold,Gold
17838,256,43,5125.53674,3,2,2,70,Silver,Silver
17841,18,572,55462.07822,1,4,4,90,Premium,Premium
17848,17,13,292.1853,1,1,1,30,Standard,Standar
17849,140,8,1453.7827200000002,2,1,1,40,Standard,Standar
17850,340,297,40540.13564,4,4,4,120,Gold,Gold
17855,349,17,1719.4436,4,1,1,60,Silver,Silver
17857,195,5,544.11688,2,1,1,40,Standard,Silver
17858,83,35,4936.44212,1,1,2,40,Standard,Standar
17860,298,58,3719.21687,3,2,1,60,Silver,Silver
17861,80,8,987.3724000000001,1,1,1,30,Standard,Standar
17862,96,11,1023.26844,1,1,1,30,Standard,Standar
17863,21,48,4330.30776,1,2,2,50,Silver,Standar
17865,187,42,5541.0913,2,2,2,60,Silver,Silver
17869,288,16,832.88139,3,1,1,50,Silver,Silver
17870,280,1,53.5882,3,1,1,50,Silver,Silver
17873,354,9,1321.41466,4,1,1,60,Silver,Silver
17880,252,26,2099.63655,3,1,1,50,Silver,Silver
17884,27,93,9729.02968,1,3,3,70,Silver,Gold
17888,62,18,1078.40648,1,1,1,30,Standard,Standar
17889,88,12,1167.50736,1,1,1,30,Standard,Standar
17890,91,94,8537.44074,1,3,3,70,Silver,Gold
17894,32,115,11250.15594,1,4,4,90,Premium,Gold
17897,281,73,6941.20496,3,3,2,80,Premium,Silver
17905,171,28,1983.93812,2,1,1,40,Standard,Silver
17908,362,58,6454.49952,4,2,2,80,Premium,Silver
17912,19,40,2247.3006,1,1,1,30,Standard,Standar
17913,185,31,1227.89511,2,1,1,40,Standard,Silver
17917,239,29,3069.3194000000003,3,1,1,50,Silver,Silver
17920,41,105,12815.517520000001,1,4,4,90,Premium,Gold
17924,178,5,313.4839,2,1,1,40,Standard,Silver
17925,349,1,29.6162,4,1,1,60,Silver,Silver
17929,11,2,263.37760000000003,1,1,1,30,Standard,Standar
17937,228,18,1195.19036,3,1,1,50,Silver,Silver
17949,159,2,79.79296000000001,2,1,1,40,Standard,Standar
17950,257,40,7515.98221,3,1,3,70,Silver,Silver
17951,177,10,983.5497,2,1,1,40,Standard,Silver
17954,120,84,7268.1170600000005,2,3,3,80,Premium,Gold
17961,19,81,11750.38731,1,3,4,80,Premium,Gold
17964,343,35,5044.1696600000005,4,1,2,70,Silver,Silver
17965,43,92,5554.08483,1,3,2,60,Silver,Standar
17967,334,48,5301.33164,4,2,2,80,Premium,Silver
17968,360,85,9658.84865,4,3,3,100,Gold,Silver
17969,227,7,157.37572,3,1,1,50,Silver,Silver
17975,20,89,13929.1714,1,3,4,80,Premium,Gold
17976,342,65,6267.34692,4,2,2,80,Premium,Silver
17978,259,12,671.3880800000001,3,1,1,50,Silver,Silver
17980,204,15,728.45392,3,1,1,50,Silver,Silver
17988,112,13,1905.7387800000001,2,1,1,40,Standard,Standar
17990,173,12,1081.72654,2,1,1,40,Standard,Silver
17999,269,38,4571.4010499999995,3,1,2,60,Silver,Silver
18004,236,40,3436.2962,3,1,1,50,Silver,Silver
18008,71,12,546.3616,1,1,1,30,Standard,Standar
18011,350,28,1939.8174000000001,4,1,1,60,Silver,Silver
18016,41,40,3308.8754000000004,1,1,1,30,Standard,Standar
18017,19,1,29.580799999999996,1,1,1,30,Standard,Standar
18032,143,5,66.35816,2,1,1,40,Standard,Standar
18037,89,8,569.1144,1,1,1,30,Standard,Standar
18041,19,163,17485.707440000002,1,4,4,90,Premium,Gold
18043,276,66,5288.99061,3,2,2,70,Silver,Silver
18044,221,6,940.4764,3,1,1,50,Silver,Silver
18050,206,5,786.99858,3,1,1,50,Silver,Silver
18055,27,96,10344.06271,1,3,4,80,Premium,Gold
18061,92,11,1338.4595800000002,1,1,1,30,Standard,Standar
18062,159,5,141.45146,2,1,1,40,Standard,Standar
18065,195,22,1989.8571200000001,2,1,1,40,Standard,Silver
18069,117,77,5706.31882,2,3,2,70,Silver,Standar
18071,264,14,715.12988,3,1,1,50,Silver,Silver
18074,364,13,2054.2865,4,1,1,60,Silver,Silver
18075,46,36,3340.29766,1,1,1,30,Standard,Standar
18077,74,63,5699.995440000001,1,2,2,50,Silver,Standar
18085,125,29,2482.65808,2,1,1,40,Standard,Standar
18092,125,21,1825.7740000000001,2,1,1,40,Standard,Standar
18095,33,21,1510.51892,1,1,1,30,Standard,Standar
18097,169,16,1683.2369,2,1,1,40,Standard,Silver
18102,259,18,2322.17994,3,1,1,50,Silver,Silver
18106,123,39,3180.54088,2,1,1,40,Standard,Standar
18109,106,72,4036.089,2,3,2,70,Silver,Standar
18113,299,1,139.07459999999998,3,1,1,50,Silver,Silver
18116,169,155,12366.230160000001,2,4,4,100,Gold,Gold
18118,107,250,24022.277850000002,2,4,4,100,Gold,Gold
18119,286,30,1973.3646,3,1,1,50,Silver,Silver
18125,49,83,11438.40168,1,3,4,80,Premium,Gold
18136,79,18,1846.55636,1,1,1,30,Standard,Standar
18141,223,1,41.8484,3,1,1,50,Silver,Silver
18144,72,10,674.94872,1,1,1,30,Standard,Standar
18145,34,42,4641.61592,1,2,2,50,Silver,Standar
18156,318,55,3986.3318600000002,4,2,1,70,Silver,Silver
18161,80,15,929.51952,1,1,1,30,Standard,Standar
18168,210,44,4533.3843400000005,3,2,2,70,Silver,Silver
18171,141,15,1424.1382400000002,2,1,1,40,Standard,Standar
18176,173,33,3062.10261,2,1,1,40,Standard,Silver
18178,13,35,3378.69016,1,1,1,30,Standard,Standar
18179,111,35,1912.01126,2,1,1,40,Standard,Standar
18190,105,10,511.11566000000005,2,1,1,40,Standard,Standar
18193,270,1,15.420799999999998,3,1,1,50,Silver,Silver
18198,21,27,2459.59038,1,1,1,30,Standard,Standar
18202,24,23,4763.7456,1,1,2,40,Standard,Standar
18212,109,43,3202.50968,2,2,1,50,Silver,Standar
18219,220,24,1289.4130799999998,3,1,1,50,Silver,Silver
18223,88,60,4586.47868,1,2,2,50,Silver,Standar
18225,257,3,123.51650000000001,3,1,1,50,Silver,Silver
18226,131,22,1295.11776,2,1,1,40,Standard,Standar
18229,124,17,2743.12564,2,1,1,40,Standard,Standar
18230,203,2,143.01774,3,1,1,50,Silver,Silver
18233,109,1,82.615,2,1,1,40,Standard,Standar
18239,35,52,6928.03416,1,2,2,50,Silver,Standar
18245,34,55,8420.28844,1,2,3,60,Silver,Standar
18250,19,21,2520.7548,1,1,1,30,Standard,Standar
18256,180,4,83.3536,2,1,1,40,Standard,Silver
18259,271,7,860.686,3,1,1,50,Silver,Silver
18260,88,40,3016.54372,1,1,1,30,Standard,Standar
18269,195,8,166.9075,2,1,1,40,Standard,Silver
18277,70,1,333.8,1,1,1,30,Standard,Standar
18283,83,102,7356.85141,1,4,3,80,Premium,Gold
